document_id,paragraph_type,model_name,judge,clarity,informativeness,human_clarity,human_informativeness,n_ratings
56e222895cca8876,writer,,gemini-2.0-flash,75.0,65.0,79.18181818181819,80.81818181818181,11
56e222895cca8876,writer,,llama-3.3-70b,85.0,80.0,79.18181818181819,80.81818181818181,11
23e8297a309ee77c,writer,,gemini-2.0-flash,65.0,55.0,78.9,68.0,10
23e8297a309ee77c,writer,,llama-3.3-70b,80.0,30.0,78.9,68.0,10
deb569ccc8461119,writer,,gemini-2.0-flash,25.0,25.0,66.5,24.3,10
deb569ccc8461119,writer,,llama-3.3-70b,10.0,10.0,66.5,24.3,10
f062daa23bd230a2,writer,,gemini-2.0-flash,55.0,45.0,77.3,39.1,10
f062daa23bd230a2,writer,,llama-3.3-70b,55.0,40.0,77.3,39.1,10
53c07216abbdcadc,writer,,gemini-2.0-flash,55.0,55.0,62.6,46.4,10
53c07216abbdcadc,writer,,llama-3.3-70b,55.0,41.0,62.6,46.4,10
8c0c2ad7b42a56f6,writer,,gemini-2.0-flash,55.0,35.0,64.8,41.0,10
8c0c2ad7b42a56f6,writer,,llama-3.3-70b,70.0,30.0,64.8,41.0,10
7796e5f42bd4330f,writer,,gemini-2.0-flash,55.0,55.0,77.0,28.555555555555557,9
7796e5f42bd4330f,writer,,llama-3.3-70b,55.0,30.0,77.0,28.555555555555557,9
d98dcc3f3971b973,writer,,gemini-2.0-flash,55.0,45.0,79.6,59.7,10
d98dcc3f3971b973,writer,,llama-3.3-70b,55.0,50.0,79.6,59.7,10
be6e40b67777557a,writer,,gemini-2.0-flash,55.0,55.0,84.63636363636364,53.36363636363637,11
be6e40b67777557a,writer,,llama-3.3-70b,50.0,40.0,84.63636363636364,53.36363636363637,11
7ea00af60e5888aa,writer,,gemini-2.0-flash,65.0,70.0,82.33333333333333,68.22222222222223,9
7ea00af60e5888aa,writer,,llama-3.3-70b,75.0,73.0,82.33333333333333,68.22222222222223,9
e5913581d138e0af,writer,,gemini-2.0-flash,55.0,0.0,56.18181818181818,8.090909090909092,11
e5913581d138e0af,writer,,llama-3.3-70b,41.0,0.0,56.18181818181818,8.090909090909092,11
ea89d3f6c707c4f2,writer,,gemini-2.0-flash,55.0,30.0,70.4,32.0,10
ea89d3f6c707c4f2,writer,,llama-3.3-70b,65.0,30.0,70.4,32.0,10
3a877707ef699ad8,writer,,gemini-2.0-flash,55.0,45.0,53.18181818181818,44.27272727272727,11
3a877707ef699ad8,writer,,llama-3.3-70b,55.0,40.0,53.18181818181818,44.27272727272727,11
56e7bc17557e65d4,writer,,gemini-2.0-flash,72.0,55.0,84.1,30.0,10
56e7bc17557e65d4,writer,,llama-3.3-70b,75.0,41.0,84.1,30.0,10
39c9aabaa3691cdf,writer,,gemini-2.0-flash,55.0,45.0,68.88888888888889,25.444444444444443,9
39c9aabaa3691cdf,writer,,llama-3.3-70b,55.0,40.0,68.88888888888889,25.444444444444443,9
97ce6224773e4e9c,writer,,gemini-2.0-flash,55.0,65.0,63.6,51.5,10
97ce6224773e4e9c,writer,,llama-3.3-70b,30.0,73.0,63.6,51.5,10
785f402aca89fd9c,writer,,gemini-2.0-flash,55.0,55.0,66.11111111111111,47.111111111111114,9
785f402aca89fd9c,writer,,llama-3.3-70b,58.0,61.0,66.11111111111111,47.111111111111114,9
27e507b51ce41519,writer,,gemini-2.0-flash,65.0,45.0,42.333333333333336,29.555555555555557,9
27e507b51ce41519,writer,,llama-3.3-70b,70.0,41.0,42.333333333333336,29.555555555555557,9
d07b6f3b8a8a72cd,writer,,gemini-2.0-flash,35.0,55.0,73.66666666666667,53.55555555555556,9
d07b6f3b8a8a72cd,writer,,llama-3.3-70b,55.0,50.0,73.66666666666667,53.55555555555556,9
6c0b59ec4b0efc29,writer,,gemini-2.0-flash,55.0,35.0,46.0,36.7,10
6c0b59ec4b0efc29,writer,,llama-3.3-70b,50.0,20.0,46.0,36.7,10
1ed146b9ef31eb78,writer,,gemini-2.0-flash,55.0,45.0,69.25,36.583333333333336,12
1ed146b9ef31eb78,writer,,llama-3.3-70b,50.0,40.0,69.25,36.583333333333336,12
1a8101de41fd831e,writer,,gemini-2.0-flash,65.0,45.0,65.3,31.8,10
1a8101de41fd831e,writer,,llama-3.3-70b,55.0,40.0,65.3,31.8,10
a1ece933e1df45e2,writer,,gemini-2.0-flash,55.0,30.0,64.0,36.8,10
a1ece933e1df45e2,writer,,llama-3.3-70b,55.0,20.0,64.0,36.8,10
525eb53e6a381dff,writer,,gemini-2.0-flash,68.0,55.0,65.7,35.0,10
525eb53e6a381dff,writer,,llama-3.3-70b,,50.0,65.7,35.0,10
8b1e2e7c9b7a1655,writer,,gemini-2.0-flash,55.0,25.0,42.6,12.8,10
8b1e2e7c9b7a1655,writer,,llama-3.3-70b,40.0,20.0,42.6,12.8,10
87c3ff5e4470dd8d,writer,,gemini-2.0-flash,45.0,35.0,80.22222222222223,18.444444444444443,9
87c3ff5e4470dd8d,writer,,llama-3.3-70b,30.0,50.0,80.22222222222223,18.444444444444443,9
cd35ed2d33f6a2b1,writer,,gemini-2.0-flash,48.0,55.0,66.7,51.3,10
cd35ed2d33f6a2b1,writer,,llama-3.3-70b,30.0,55.0,66.7,51.3,10
899a7e76dd44a665,writer,,gemini-2.0-flash,65.0,35.0,85.44444444444444,24.22222222222222,9
899a7e76dd44a665,writer,,llama-3.3-70b,80.0,30.0,85.44444444444444,24.22222222222222,9
bef9bf3d329cffa0,writer,,gemini-2.0-flash,65.0,65.0,78.66666666666667,49.666666666666664,9
bef9bf3d329cffa0,writer,,llama-3.3-70b,77.0,81.0,78.66666666666667,49.666666666666664,9
9c8dead7eacd36f9,writer,,gemini-2.0-flash,55.0,35.0,76.77777777777777,32.77777777777778,9
9c8dead7eacd36f9,writer,,llama-3.3-70b,40.0,20.0,76.77777777777777,32.77777777777778,9
3e096f139af7e469,writer,,gemini-2.0-flash,55.0,55.0,76.81818181818181,48.45454545454545,11
3e096f139af7e469,writer,,llama-3.3-70b,55.0,41.0,76.81818181818181,48.45454545454545,11
c460fb478f404236,writer,,gemini-2.0-flash,55.0,45.0,58.6,21.7,10
c460fb478f404236,writer,,llama-3.3-70b,55.0,50.0,58.6,21.7,10
724e2f1cbb6e662b,writer,,gemini-2.0-flash,65.0,45.0,80.4,52.1,10
724e2f1cbb6e662b,writer,,llama-3.3-70b,70.0,41.0,80.4,52.1,10
d32e792227a65530,writer,,gemini-2.0-flash,45.0,45.0,82.88888888888889,50.888888888888886,9
d32e792227a65530,writer,,llama-3.3-70b,40.0,40.0,82.88888888888889,50.888888888888886,9
7a1ec1c5aea662b6,writer,,gemini-2.0-flash,65.0,55.0,75.45454545454545,45.54545454545455,11
7a1ec1c5aea662b6,writer,,llama-3.3-70b,70.0,40.0,75.45454545454545,45.54545454545455,11
382f7485b8f63b39,writer,,gemini-2.0-flash,35.0,50.0,66.9,38.3,10
382f7485b8f63b39,writer,,llama-3.3-70b,50.0,40.0,66.9,38.3,10
0b52420f9d02601b,writer,,gemini-2.0-flash,65.0,35.0,84.22222222222223,31.77777777777778,9
0b52420f9d02601b,writer,,llama-3.3-70b,80.0,50.0,84.22222222222223,31.77777777777778,9
a51c2fd031e1bb53,writer,,gemini-2.0-flash,55.0,35.0,72.0,41.0,10
a51c2fd031e1bb53,writer,,llama-3.3-70b,55.0,20.0,72.0,41.0,10
fff525777a6e7940,writer,,gemini-2.0-flash,55.0,45.0,70.6,29.9,10
fff525777a6e7940,writer,,llama-3.3-70b,58.0,40.0,70.6,29.9,10
f7ddae1e6253d59f,writer,,gemini-2.0-flash,65.0,55.0,63.7,48.1,10
f7ddae1e6253d59f,writer,,llama-3.3-70b,65.0,40.0,63.7,48.1,10
2f2796533557850f,writer,,gemini-2.0-flash,65.0,55.0,75.1,68.8,10
2f2796533557850f,writer,,llama-3.3-70b,55.0,60.0,75.1,68.8,10
cbcc57c8e829d7d3,writer,,gemini-2.0-flash,45.0,55.0,51.0,37.333333333333336,9
cbcc57c8e829d7d3,writer,,llama-3.3-70b,50.0,41.0,51.0,37.333333333333336,9
395294b371b794b1,writer,,gemini-2.0-flash,55.0,45.0,42.666666666666664,23.11111111111111,9
395294b371b794b1,writer,,llama-3.3-70b,50.0,41.0,42.666666666666664,23.11111111111111,9
e0992cfcfec445b2,writer,,gemini-2.0-flash,72.0,55.0,76.54545454545455,57.54545454545455,11
e0992cfcfec445b2,writer,,llama-3.3-70b,85.0,55.0,76.54545454545455,57.54545454545455,11
56987c56ef64e6be,writer,,gemini-2.0-flash,55.0,55.0,64.72727272727273,52.72727272727273,11
56987c56ef64e6be,writer,,llama-3.3-70b,65.0,61.0,64.72727272727273,52.72727272727273,11
42d78fd52532836d,writer,,gemini-2.0-flash,65.0,55.0,68.2,44.4,10
42d78fd52532836d,writer,,llama-3.3-70b,63.0,73.0,68.2,44.4,10
e37a81dfd95da419,writer,,gemini-2.0-flash,65.0,65.0,72.0,51.55555555555556,9
e37a81dfd95da419,writer,,llama-3.3-70b,78.0,81.0,72.0,51.55555555555556,9
de2779afe28e207e,writer,,gemini-2.0-flash,55.0,35.0,80.4,33.2,10
de2779afe28e207e,writer,,llama-3.3-70b,61.0,30.0,80.4,33.2,10
944a9a5e9af9882b,writer,,gemini-2.0-flash,45.0,55.0,62.2,33.8,10
944a9a5e9af9882b,writer,,llama-3.3-70b,58.0,55.0,62.2,33.8,10
a7463f4f55f19ac5,writer,,gemini-2.0-flash,55.0,55.0,72.75,46.916666666666664,12
a7463f4f55f19ac5,writer,,llama-3.3-70b,55.0,51.0,72.75,46.916666666666664,12
bedc0a6a0ec03ed0,writer,,gemini-2.0-flash,55.0,35.0,61.083333333333336,34.333333333333336,12
bedc0a6a0ec03ed0,writer,,llama-3.3-70b,55.0,30.0,61.083333333333336,34.333333333333336,12
05b82240f4d1c794,writer,,gemini-2.0-flash,68.0,65.0,57.9,51.5,10
05b82240f4d1c794,writer,,llama-3.3-70b,70.0,65.0,57.9,51.5,10
400ce68fed0c108c,writer,,gemini-2.0-flash,45.0,45.0,75.27272727272727,47.45454545454545,11
400ce68fed0c108c,writer,,llama-3.3-70b,42.0,55.0,75.27272727272727,47.45454545454545,11
a6dc02edeaa5fb04,writer,,gemini-2.0-flash,68.0,30.0,60.9,35.7,10
a6dc02edeaa5fb04,writer,,llama-3.3-70b,90.0,40.0,60.9,35.7,10
bdccf92dd6935359,writer,,gemini-2.0-flash,55.0,65.0,86.9,63.6,10
bdccf92dd6935359,writer,,llama-3.3-70b,65.0,70.0,86.9,63.6,10
cffd087507062ef8,writer,,gemini-2.0-flash,55.0,45.0,70.66666666666667,43.0,12
cffd087507062ef8,writer,,llama-3.3-70b,50.0,30.0,70.66666666666667,43.0,12
36f7abaaf92f7b8e,writer,,gemini-2.0-flash,55.0,45.0,76.33333333333333,33.77777777777778,9
36f7abaaf92f7b8e,writer,,llama-3.3-70b,55.0,40.0,76.33333333333333,33.77777777777778,9
89e80788d130a738,writer,,gemini-2.0-flash,55.0,55.0,66.66666666666667,28.666666666666668,9
89e80788d130a738,writer,,llama-3.3-70b,65.0,41.0,66.66666666666667,28.666666666666668,9
78019e891236dfd9,writer,,gemini-2.0-flash,55.0,30.0,78.33333333333333,57.22222222222222,9
78019e891236dfd9,writer,,llama-3.3-70b,55.0,20.0,78.33333333333333,57.22222222222222,9
f51155971158de2e,writer,,gemini-2.0-flash,55.0,70.0,71.88888888888889,44.77777777777778,9
f51155971158de2e,writer,,llama-3.3-70b,65.0,73.0,71.88888888888889,44.77777777777778,9
c31d66e369629325,model,anthropic/claude-sonnet-4,gemini-2.0-flash,85.0,75.0,90.2,64.3,10
c31d66e369629325,model,anthropic/claude-sonnet-4,llama-3.3-70b,95.0,85.0,90.2,64.3,10
d00e86fbd285c573,model,anthropic/claude-sonnet-4,gemini-2.0-flash,85.0,50.0,91.2,72.4,10
d00e86fbd285c573,model,anthropic/claude-sonnet-4,llama-3.3-70b,90.0,20.0,91.2,72.4,10
d4292557c9160238,model,anthropic/claude-sonnet-4,gemini-2.0-flash,85.0,65.0,76.9090909090909,64.54545454545455,11
d4292557c9160238,model,anthropic/claude-sonnet-4,llama-3.3-70b,95.0,81.0,76.9090909090909,64.54545454545455,11
d179e6969bbf31c9,model,anthropic/claude-sonnet-4,gemini-2.0-flash,85.0,45.0,83.0,53.916666666666664,12
d179e6969bbf31c9,model,anthropic/claude-sonnet-4,llama-3.3-70b,95.0,41.0,83.0,53.916666666666664,12
8d4635e31b1748bf,model,anthropic/claude-sonnet-4,gemini-2.0-flash,85.0,55.0,94.4,75.0,10
8d4635e31b1748bf,model,anthropic/claude-sonnet-4,llama-3.3-70b,90.0,82.0,94.4,75.0,10
8cd73dcbba0560bf,model,anthropic/claude-sonnet-4,gemini-2.0-flash,85.0,65.0,86.18181818181819,69.0,11
8cd73dcbba0560bf,model,anthropic/claude-sonnet-4,llama-3.3-70b,95.0,70.0,86.18181818181819,69.0,11
888aac4952c3d873,model,anthropic/claude-sonnet-4,gemini-2.0-flash,75.0,55.0,85.55555555555556,53.44444444444444,9
888aac4952c3d873,model,anthropic/claude-sonnet-4,llama-3.3-70b,90.0,60.0,85.55555555555556,53.44444444444444,9
5bd93bf2ff343943,model,anthropic/claude-sonnet-4,gemini-2.0-flash,85.0,55.0,87.3,65.4,10
5bd93bf2ff343943,model,anthropic/claude-sonnet-4,llama-3.3-70b,95.0,70.0,87.3,65.4,10
206a0bc576264599,model,anthropic/claude-sonnet-4,gemini-2.0-flash,72.0,50.0,70.5,66.5,10
206a0bc576264599,model,anthropic/claude-sonnet-4,llama-3.3-70b,90.0,55.0,70.5,66.5,10
74a9f7c2ec8e9995,model,anthropic/claude-sonnet-4,gemini-2.0-flash,85.0,65.0,72.7,60.9,10
74a9f7c2ec8e9995,model,anthropic/claude-sonnet-4,llama-3.3-70b,90.0,82.0,72.7,60.9,10
b05c08931288092d,model,anthropic/claude-sonnet-4,gemini-2.0-flash,85.0,75.0,77.9,66.6,10
b05c08931288092d,model,anthropic/claude-sonnet-4,llama-3.3-70b,95.0,82.0,77.9,66.6,10
7577ee8ce1628a86,model,anthropic/claude-sonnet-4,gemini-2.0-flash,75.0,45.0,88.11111111111111,75.11111111111111,9
7577ee8ce1628a86,model,anthropic/claude-sonnet-4,llama-3.3-70b,90.0,78.0,88.11111111111111,75.11111111111111,9
de0425d6f90aa368,model,anthropic/claude-sonnet-4,gemini-2.0-flash,65.0,45.0,47.45454545454545,46.81818181818182,11
de0425d6f90aa368,model,anthropic/claude-sonnet-4,llama-3.3-70b,85.0,30.0,47.45454545454545,46.81818181818182,11
b5ae738a8a2816cb,model,anthropic/claude-sonnet-4,gemini-2.0-flash,72.0,55.0,79.9,53.1,10
b5ae738a8a2816cb,model,anthropic/claude-sonnet-4,llama-3.3-70b,70.0,40.0,79.9,53.1,10
6f87a80d0598346a,model,anthropic/claude-sonnet-4,gemini-2.0-flash,72.0,55.0,43.8,48.6,10
6f87a80d0598346a,model,anthropic/claude-sonnet-4,llama-3.3-70b,85.0,41.0,43.8,48.6,10
4ac9c53d25b3378c,model,anthropic/claude-sonnet-4,gemini-2.0-flash,85.0,65.0,92.27272727272727,57.27272727272727,11
4ac9c53d25b3378c,model,anthropic/claude-sonnet-4,llama-3.3-70b,95.0,80.0,92.27272727272727,57.27272727272727,11
0fff5b7448db9135,model,anthropic/claude-sonnet-4,gemini-2.0-flash,85.0,65.0,81.6,72.5,10
0fff5b7448db9135,model,anthropic/claude-sonnet-4,llama-3.3-70b,95.0,85.0,81.6,72.5,10
7769824931bd466d,model,anthropic/claude-sonnet-4,gemini-2.0-flash,90.0,65.0,94.7,80.9,10
7769824931bd466d,model,anthropic/claude-sonnet-4,llama-3.3-70b,95.0,75.0,94.7,80.9,10
9a1b120ae1a6dbe4,model,anthropic/claude-sonnet-4,gemini-2.0-flash,90.0,45.0,68.22222222222223,58.111111111111114,9
9a1b120ae1a6dbe4,model,anthropic/claude-sonnet-4,llama-3.3-70b,95.0,65.0,68.22222222222223,58.111111111111114,9
f7d96d7af857b1c0,model,anthropic/claude-sonnet-4,gemini-2.0-flash,75.0,55.0,36.8,33.8,10
f7d96d7af857b1c0,model,anthropic/claude-sonnet-4,llama-3.3-70b,90.0,60.0,36.8,33.8,10
c031c0b7fda4dff4,model,anthropic/claude-sonnet-4,gemini-2.0-flash,85.0,65.0,83.33333333333333,75.33333333333333,9
c031c0b7fda4dff4,model,anthropic/claude-sonnet-4,llama-3.3-70b,90.0,70.0,83.33333333333333,75.33333333333333,9
863091fb20084275,model,anthropic/claude-sonnet-4,gemini-2.0-flash,85.0,55.0,86.45454545454545,70.9090909090909,11
863091fb20084275,model,anthropic/claude-sonnet-4,llama-3.3-70b,95.0,80.0,86.45454545454545,70.9090909090909,11
fd78b206e825dd26,model,anthropic/claude-sonnet-4,gemini-2.0-flash,75.0,70.0,69.88888888888889,56.22222222222222,9
fd78b206e825dd26,model,anthropic/claude-sonnet-4,llama-3.3-70b,90.0,60.0,69.88888888888889,56.22222222222222,9
057ff2c32392f26f,model,anthropic/claude-sonnet-4,gemini-2.0-flash,85.0,70.0,88.4,77.5,10
057ff2c32392f26f,model,anthropic/claude-sonnet-4,llama-3.3-70b,95.0,80.0,88.4,77.5,10
d77ab5e90ac23a9a,model,anthropic/claude-sonnet-4,gemini-2.0-flash,75.0,70.0,67.44444444444444,54.22222222222222,9
d77ab5e90ac23a9a,model,anthropic/claude-sonnet-4,llama-3.3-70b,90.0,77.0,67.44444444444444,54.22222222222222,9
d8c3e0ea3c3e968f,model,anthropic/claude-sonnet-4,gemini-2.0-flash,85.0,65.0,87.45454545454545,57.54545454545455,11
d8c3e0ea3c3e968f,model,anthropic/claude-sonnet-4,llama-3.3-70b,90.0,78.0,87.45454545454545,57.54545454545455,11
1d794e63e829f68f,model,anthropic/claude-sonnet-4,gemini-2.0-flash,72.0,45.0,80.0,67.36363636363636,11
1d794e63e829f68f,model,anthropic/claude-sonnet-4,llama-3.3-70b,90.0,41.0,80.0,67.36363636363636,11
abf5d037f7d804f2,model,anthropic/claude-sonnet-4,gemini-2.0-flash,90.0,55.0,86.7,55.3,10
abf5d037f7d804f2,model,anthropic/claude-sonnet-4,llama-3.3-70b,95.0,81.0,86.7,55.3,10
c54a9e6d6cf85712,model,anthropic/claude-sonnet-4,gemini-2.0-flash,85.0,55.0,92.3,73.8,10
c54a9e6d6cf85712,model,anthropic/claude-sonnet-4,llama-3.3-70b,96.0,70.0,92.3,73.8,10
d5c6d0184c826fcb,model,anthropic/claude-sonnet-4,gemini-2.0-flash,85.0,70.0,74.0,71.3,10
d5c6d0184c826fcb,model,anthropic/claude-sonnet-4,llama-3.3-70b,90.0,85.0,74.0,71.3,10
70b98fa18f08f56a,model,anthropic/claude-sonnet-4,gemini-2.0-flash,90.0,65.0,87.5,59.4,10
70b98fa18f08f56a,model,anthropic/claude-sonnet-4,llama-3.3-70b,90.0,65.0,87.5,59.4,10
06e681b478131121,model,anthropic/claude-sonnet-4,gemini-2.0-flash,75.0,45.0,80.9,47.9,10
06e681b478131121,model,anthropic/claude-sonnet-4,llama-3.3-70b,82.0,60.0,80.9,47.9,10
81c1326066086337,model,anthropic/claude-sonnet-4,gemini-2.0-flash,85.0,65.0,86.0,80.9,10
81c1326066086337,model,anthropic/claude-sonnet-4,llama-3.3-70b,95.0,85.0,86.0,80.9,10
3e038efd39410b53,model,anthropic/claude-sonnet-4,gemini-2.0-flash,85.0,70.0,79.36363636363636,61.36363636363637,11
3e038efd39410b53,model,anthropic/claude-sonnet-4,llama-3.3-70b,95.0,81.0,79.36363636363636,61.36363636363637,11
963e81fa6544d74e,model,anthropic/claude-sonnet-4,gemini-2.0-flash,85.0,65.0,79.77777777777777,67.11111111111111,9
963e81fa6544d74e,model,anthropic/claude-sonnet-4,llama-3.3-70b,90.0,81.0,79.77777777777777,67.11111111111111,9
ff4bacaff29d5736,model,anthropic/claude-sonnet-4,gemini-2.0-flash,85.0,70.0,64.58333333333333,58.416666666666664,12
ff4bacaff29d5736,model,anthropic/claude-sonnet-4,llama-3.3-70b,90.0,80.0,64.58333333333333,58.416666666666664,12
5b1a59dd1d9b4792,model,anthropic/claude-sonnet-4,gemini-2.0-flash,90.0,55.0,83.0,53.0,9
5b1a59dd1d9b4792,model,anthropic/claude-sonnet-4,llama-3.3-70b,90.0,55.0,83.0,53.0,9
b6420c948fee288c,model,anthropic/claude-sonnet-4,gemini-2.0-flash,72.0,35.0,73.2,46.6,10
b6420c948fee288c,model,anthropic/claude-sonnet-4,llama-3.3-70b,75.0,55.0,73.2,46.6,10
70dc2c18f1fa5b41,model,anthropic/claude-sonnet-4,gemini-2.0-flash,90.0,55.0,86.5,75.6,10
70dc2c18f1fa5b41,model,anthropic/claude-sonnet-4,llama-3.3-70b,95.0,80.0,86.5,75.6,10
212072634b2b2a9b,model,anthropic/claude-sonnet-4,gemini-2.0-flash,85.0,75.0,95.9,76.5,10
212072634b2b2a9b,model,anthropic/claude-sonnet-4,llama-3.3-70b,98.0,81.0,95.9,76.5,10
7095e819facada4e,model,anthropic/claude-sonnet-4,gemini-2.0-flash,72.0,55.0,80.1,65.5,10
7095e819facada4e,model,anthropic/claude-sonnet-4,llama-3.3-70b,90.0,60.0,80.1,65.5,10
3b583b2f96139273,model,anthropic/claude-sonnet-4,gemini-2.0-flash,85.0,70.0,90.8,75.8,10
3b583b2f96139273,model,anthropic/claude-sonnet-4,llama-3.3-70b,95.0,85.0,90.8,75.8,10
9ffeec997307b2f0,model,anthropic/claude-sonnet-4,gemini-2.0-flash,85.0,65.0,83.0909090909091,57.18181818181818,11
9ffeec997307b2f0,model,anthropic/claude-sonnet-4,llama-3.3-70b,90.0,60.0,83.0909090909091,57.18181818181818,11
92c1f6a8c5431da1,model,anthropic/claude-sonnet-4,gemini-2.0-flash,65.0,55.0,72.33333333333333,52.0,9
92c1f6a8c5431da1,model,anthropic/claude-sonnet-4,llama-3.3-70b,65.0,60.0,72.33333333333333,52.0,9
2285da0333163c63,model,anthropic/claude-sonnet-4,gemini-2.0-flash,90.0,45.0,85.8,59.9,10
2285da0333163c63,model,anthropic/claude-sonnet-4,llama-3.3-70b,95.0,40.0,85.8,59.9,10
85d48b04b5e284ec,model,anthropic/claude-sonnet-4,gemini-2.0-flash,85.0,50.0,85.7,76.5,10
85d48b04b5e284ec,model,anthropic/claude-sonnet-4,llama-3.3-70b,95.0,68.0,85.7,76.5,10
97b87b3ab42b403a,model,anthropic/claude-sonnet-4,gemini-2.0-flash,72.0,55.0,82.4,46.6,10
97b87b3ab42b403a,model,anthropic/claude-sonnet-4,llama-3.3-70b,70.0,60.0,82.4,46.6,10
bc419e505b17e89f,model,anthropic/claude-sonnet-4,gemini-2.0-flash,85.0,65.0,94.88888888888889,72.11111111111111,9
bc419e505b17e89f,model,anthropic/claude-sonnet-4,llama-3.3-70b,95.0,80.0,94.88888888888889,72.11111111111111,9
d1d730b3c2de019f,model,anthropic/claude-sonnet-4,gemini-2.0-flash,85.0,55.0,71.7,45.3,10
d1d730b3c2de019f,model,anthropic/claude-sonnet-4,llama-3.3-70b,90.0,41.0,71.7,45.3,10
4707bddd287492ae,model,anthropic/claude-sonnet-4,gemini-2.0-flash,85.0,70.0,87.3,60.1,10
4707bddd287492ae,model,anthropic/claude-sonnet-4,llama-3.3-70b,90.0,80.0,87.3,60.1,10
889e242ff240d38b,model,anthropic/claude-sonnet-4,gemini-2.0-flash,85.0,75.0,84.8,70.7,10
889e242ff240d38b,model,anthropic/claude-sonnet-4,llama-3.3-70b,95.0,85.0,84.8,70.7,10
d77efc3b5b0499a9,model,anthropic/claude-sonnet-4,gemini-2.0-flash,90.0,65.0,93.77777777777777,66.0,9
d77efc3b5b0499a9,model,anthropic/claude-sonnet-4,llama-3.3-70b,95.0,81.0,93.77777777777777,66.0,9
d1b8fff06d82e1ed,model,anthropic/claude-sonnet-4,gemini-2.0-flash,85.0,70.0,84.0909090909091,64.0909090909091,11
d1b8fff06d82e1ed,model,anthropic/claude-sonnet-4,llama-3.3-70b,95.0,70.0,84.0909090909091,64.0909090909091,11
3ee198223817a252,model,anthropic/claude-sonnet-4,gemini-2.0-flash,85.0,65.0,83.44444444444444,68.44444444444444,9
3ee198223817a252,model,anthropic/claude-sonnet-4,llama-3.3-70b,95.0,82.0,83.44444444444444,68.44444444444444,9
bfd5a54227b0337d,model,anthropic/claude-sonnet-4,gemini-2.0-flash,75.0,65.0,61.416666666666664,62.75,12
bfd5a54227b0337d,model,anthropic/claude-sonnet-4,llama-3.3-70b,90.0,60.0,61.416666666666664,62.75,12
d66969538844778b,model,anthropic/claude-sonnet-4,gemini-2.0-flash,85.0,65.0,91.0,75.44444444444444,9
d66969538844778b,model,anthropic/claude-sonnet-4,llama-3.3-70b,95.0,90.0,91.0,75.44444444444444,9
1b6d935c14a3b3e3,model,anthropic/claude-sonnet-4,gemini-2.0-flash,85.0,65.0,85.1,67.3,10
1b6d935c14a3b3e3,model,anthropic/claude-sonnet-4,llama-3.3-70b,95.0,77.0,85.1,67.3,10
fb7e92a948c58f41,model,anthropic/claude-sonnet-4,gemini-2.0-flash,85.0,65.0,80.1,56.8,10
fb7e92a948c58f41,model,anthropic/claude-sonnet-4,llama-3.3-70b,90.0,82.0,80.1,56.8,10
64fe2cfa1a9c325b,model,anthropic/claude-sonnet-4,gemini-2.0-flash,75.0,45.0,90.7,73.5,10
64fe2cfa1a9c325b,model,anthropic/claude-sonnet-4,llama-3.3-70b,90.0,41.0,90.7,73.5,10
1e97fb3054117f86,model,anthropic/claude-sonnet-4,gemini-2.0-flash,85.0,55.0,77.3,55.4,10
1e97fb3054117f86,model,anthropic/claude-sonnet-4,llama-3.3-70b,90.0,78.0,77.3,55.4,10
6e09710086db9df2,model,deepseek/deepseek-chat-v3-0324,gemini-2.0-flash,75.0,70.0,85.2,67.7,10
6e09710086db9df2,model,deepseek/deepseek-chat-v3-0324,llama-3.3-70b,95.0,78.0,85.2,67.7,10
38e35e8aa9a199b8,model,deepseek/deepseek-chat-v3-0324,gemini-2.0-flash,75.0,35.0,72.9090909090909,58.09090909090909,11
38e35e8aa9a199b8,model,deepseek/deepseek-chat-v3-0324,llama-3.3-70b,90.0,50.0,72.9090909090909,58.09090909090909,11
6929381c3b8098df,model,deepseek/deepseek-chat-v3-0324,gemini-2.0-flash,85.0,55.0,90.88888888888889,46.0,9
6929381c3b8098df,model,deepseek/deepseek-chat-v3-0324,llama-3.3-70b,95.0,60.0,90.88888888888889,46.0,9
382845d1f5bcb6b9,model,deepseek/deepseek-chat-v3-0324,gemini-2.0-flash,85.0,65.0,86.4,81.0,10
382845d1f5bcb6b9,model,deepseek/deepseek-chat-v3-0324,llama-3.3-70b,95.0,80.0,86.4,81.0,10
d877c55c207ef8bb,model,deepseek/deepseek-chat-v3-0324,gemini-2.0-flash,90.0,55.0,88.44444444444444,79.44444444444444,9
d877c55c207ef8bb,model,deepseek/deepseek-chat-v3-0324,llama-3.3-70b,95.0,60.0,88.44444444444444,79.44444444444444,9
9e0f46193f0d9f51,model,deepseek/deepseek-chat-v3-0324,gemini-2.0-flash,85.0,55.0,67.3,60.5,10
9e0f46193f0d9f51,model,deepseek/deepseek-chat-v3-0324,llama-3.3-70b,90.0,60.0,67.3,60.5,10
4daed9746ab9bc29,model,deepseek/deepseek-chat-v3-0324,gemini-2.0-flash,85.0,65.0,89.88888888888889,70.33333333333333,9
4daed9746ab9bc29,model,deepseek/deepseek-chat-v3-0324,llama-3.3-70b,95.0,85.0,89.88888888888889,70.33333333333333,9
c68eb93cfd8c90a0,model,deepseek/deepseek-chat-v3-0324,gemini-2.0-flash,75.0,55.0,64.0,47.22222222222222,9
c68eb93cfd8c90a0,model,deepseek/deepseek-chat-v3-0324,llama-3.3-70b,85.0,50.0,64.0,47.22222222222222,9
dba4f629a74de79f,model,deepseek/deepseek-chat-v3-0324,gemini-2.0-flash,85.0,55.0,78.77777777777777,47.666666666666664,9
dba4f629a74de79f,model,deepseek/deepseek-chat-v3-0324,llama-3.3-70b,90.0,70.0,78.77777777777777,47.666666666666664,9
4f5f9ecdc083eaab,model,deepseek/deepseek-chat-v3-0324,gemini-2.0-flash,75.0,70.0,71.25,62.833333333333336,12
4f5f9ecdc083eaab,model,deepseek/deepseek-chat-v3-0324,llama-3.3-70b,85.0,73.0,71.25,62.833333333333336,12
de1c8badf47f9e0d,model,deepseek/deepseek-chat-v3-0324,gemini-2.0-flash,65.0,55.0,72.9,55.7,10
de1c8badf47f9e0d,model,deepseek/deepseek-chat-v3-0324,llama-3.3-70b,90.0,30.0,72.9,55.7,10
0af4104b11b4049c,model,deepseek/deepseek-chat-v3-0324,gemini-2.0-flash,85.0,55.0,80.66666666666667,58.55555555555556,9
0af4104b11b4049c,model,deepseek/deepseek-chat-v3-0324,llama-3.3-70b,90.0,80.0,80.66666666666667,58.55555555555556,9
52fd9cc2276614e9,model,deepseek/deepseek-chat-v3-0324,gemini-2.0-flash,68.0,65.0,65.4,60.9,10
52fd9cc2276614e9,model,deepseek/deepseek-chat-v3-0324,llama-3.3-70b,90.0,80.0,65.4,60.9,10
fe703fd3fc2357a9,model,deepseek/deepseek-chat-v3-0324,gemini-2.0-flash,85.0,55.0,87.72727272727273,71.18181818181819,11
fe703fd3fc2357a9,model,deepseek/deepseek-chat-v3-0324,llama-3.3-70b,90.0,20.0,87.72727272727273,71.18181818181819,11
a74f03dcc3218817,model,deepseek/deepseek-chat-v3-0324,gemini-2.0-flash,85.0,55.0,90.11111111111111,68.22222222222223,9
a74f03dcc3218817,model,deepseek/deepseek-chat-v3-0324,llama-3.3-70b,95.0,65.0,90.11111111111111,68.22222222222223,9
4cce138d7c20ad87,model,deepseek/deepseek-chat-v3-0324,gemini-2.0-flash,85.0,65.0,86.72727272727273,86.27272727272727,11
4cce138d7c20ad87,model,deepseek/deepseek-chat-v3-0324,llama-3.3-70b,95.0,70.0,86.72727272727273,86.27272727272727,11
afa001a6b6c98a1d,model,deepseek/deepseek-chat-v3-0324,gemini-2.0-flash,90.0,55.0,91.0,43.416666666666664,12
afa001a6b6c98a1d,model,deepseek/deepseek-chat-v3-0324,llama-3.3-70b,90.0,55.0,91.0,43.416666666666664,12
4ce32b64fe2a0e02,model,deepseek/deepseek-chat-v3-0324,gemini-2.0-flash,85.0,55.0,81.1,66.1,10
4ce32b64fe2a0e02,model,deepseek/deepseek-chat-v3-0324,llama-3.3-70b,95.0,68.0,81.1,66.1,10
c3d8495adba2dac2,model,deepseek/deepseek-chat-v3-0324,gemini-2.0-flash,85.0,55.0,75.1,50.0,10
c3d8495adba2dac2,model,deepseek/deepseek-chat-v3-0324,llama-3.3-70b,90.0,50.0,75.1,50.0,10
68cba9d22087b0a4,model,deepseek/deepseek-chat-v3-0324,gemini-2.0-flash,85.0,55.0,76.0,82.11111111111111,9
68cba9d22087b0a4,model,deepseek/deepseek-chat-v3-0324,llama-3.3-70b,95.0,80.0,76.0,82.11111111111111,9
ef3c1a74461f1d4d,model,deepseek/deepseek-chat-v3-0324,gemini-2.0-flash,90.0,65.0,95.9090909090909,74.0909090909091,11
ef3c1a74461f1d4d,model,deepseek/deepseek-chat-v3-0324,llama-3.3-70b,96.0,90.0,95.9090909090909,74.0909090909091,11
02141d01a5d94a1a,model,deepseek/deepseek-chat-v3-0324,gemini-2.0-flash,90.0,45.0,90.0,71.3,10
02141d01a5d94a1a,model,deepseek/deepseek-chat-v3-0324,llama-3.3-70b,95.0,60.0,90.0,71.3,10
83a378102d5af660,model,deepseek/deepseek-chat-v3-0324,gemini-2.0-flash,85.0,65.0,91.4,70.8,10
83a378102d5af660,model,deepseek/deepseek-chat-v3-0324,llama-3.3-70b,95.0,80.0,91.4,70.8,10
615723e94db23a21,model,deepseek/deepseek-chat-v3-0324,gemini-2.0-flash,85.0,70.0,85.4,71.0,10
615723e94db23a21,model,deepseek/deepseek-chat-v3-0324,llama-3.3-70b,90.0,82.0,85.4,71.0,10
52ef3f4a1d3d4994,model,deepseek/deepseek-chat-v3-0324,gemini-2.0-flash,85.0,65.0,74.7,61.4,10
52ef3f4a1d3d4994,model,deepseek/deepseek-chat-v3-0324,llama-3.3-70b,95.0,80.0,74.7,61.4,10
65e2ca5deaf3a057,model,deepseek/deepseek-chat-v3-0324,gemini-2.0-flash,65.0,45.0,83.0909090909091,40.72727272727273,11
65e2ca5deaf3a057,model,deepseek/deepseek-chat-v3-0324,llama-3.3-70b,70.0,20.0,83.0909090909091,40.72727272727273,11
83feae4bde90086b,model,deepseek/deepseek-chat-v3-0324,gemini-2.0-flash,85.0,70.0,85.9,63.3,10
83feae4bde90086b,model,deepseek/deepseek-chat-v3-0324,llama-3.3-70b,95.0,81.0,85.9,63.3,10
41db28bdb9aeb05b,model,deepseek/deepseek-chat-v3-0324,gemini-2.0-flash,85.0,65.0,86.3,78.3,10
41db28bdb9aeb05b,model,deepseek/deepseek-chat-v3-0324,llama-3.3-70b,95.0,81.0,86.3,78.3,10
fcc0cd15fb81c771,model,deepseek/deepseek-chat-v3-0324,gemini-2.0-flash,85.0,65.0,90.8,59.3,10
fcc0cd15fb81c771,model,deepseek/deepseek-chat-v3-0324,llama-3.3-70b,90.0,70.0,90.8,59.3,10
279313cbd9246e32,model,deepseek/deepseek-chat-v3-0324,gemini-2.0-flash,72.0,55.0,52.2,36.0,10
279313cbd9246e32,model,deepseek/deepseek-chat-v3-0324,llama-3.3-70b,80.0,55.0,52.2,36.0,10
ea150264bff37bd8,model,deepseek/deepseek-chat-v3-0324,gemini-2.0-flash,90.0,65.0,86.9,69.1,10
ea150264bff37bd8,model,deepseek/deepseek-chat-v3-0324,llama-3.3-70b,98.0,80.0,86.9,69.1,10
59a66166c00f6e3b,model,deepseek/deepseek-chat-v3-0324,gemini-2.0-flash,90.0,55.0,91.0,69.5,10
59a66166c00f6e3b,model,deepseek/deepseek-chat-v3-0324,llama-3.3-70b,95.0,70.0,91.0,69.5,10
9b212201efb863e3,model,deepseek/deepseek-chat-v3-0324,gemini-2.0-flash,85.0,55.0,81.46666666666667,56.266666666666666,15
9b212201efb863e3,model,deepseek/deepseek-chat-v3-0324,llama-3.3-70b,90.0,50.0,81.46666666666667,56.266666666666666,15
e56714e1f979edac,model,deepseek/deepseek-chat-v3-0324,gemini-2.0-flash,85.0,65.0,90.4,63.4,10
e56714e1f979edac,model,deepseek/deepseek-chat-v3-0324,llama-3.3-70b,90.0,30.0,90.4,63.4,10
c4d3f70d5a136863,model,deepseek/deepseek-chat-v3-0324,gemini-2.0-flash,65.0,65.0,66.0,36.1,10
c4d3f70d5a136863,model,deepseek/deepseek-chat-v3-0324,llama-3.3-70b,80.0,60.0,66.0,36.1,10
0c52bf08f4cc0585,model,deepseek/deepseek-chat-v3-0324,gemini-2.0-flash,85.0,65.0,72.9,66.0,10
0c52bf08f4cc0585,model,deepseek/deepseek-chat-v3-0324,llama-3.3-70b,90.0,80.0,72.9,66.0,10
d02f0c3591344ac1,model,deepseek/deepseek-chat-v3-0324,gemini-2.0-flash,85.0,25.0,62.6,20.7,10
d02f0c3591344ac1,model,deepseek/deepseek-chat-v3-0324,llama-3.3-70b,90.0,0.0,62.6,20.7,10
d213d4366add8065,model,deepseek/deepseek-chat-v3-0324,gemini-2.0-flash,90.0,65.0,85.46153846153847,74.61538461538461,13
d213d4366add8065,model,deepseek/deepseek-chat-v3-0324,llama-3.3-70b,95.0,70.0,85.46153846153847,74.61538461538461,13
a7afdbe6e726ab7c,model,deepseek/deepseek-chat-v3-0324,gemini-2.0-flash,90.0,55.0,90.54545454545455,78.72727272727273,11
a7afdbe6e726ab7c,model,deepseek/deepseek-chat-v3-0324,llama-3.3-70b,95.0,85.0,90.54545454545455,78.72727272727273,11
b9d180d3eada59be,model,deepseek/deepseek-chat-v3-0324,gemini-2.0-flash,90.0,65.0,91.0,72.3,10
b9d180d3eada59be,model,deepseek/deepseek-chat-v3-0324,llama-3.3-70b,98.0,60.0,91.0,72.3,10
78016acbd843c47b,model,deepseek/deepseek-chat-v3-0324,gemini-2.0-flash,85.0,65.0,89.63636363636364,68.81818181818181,11
78016acbd843c47b,model,deepseek/deepseek-chat-v3-0324,llama-3.3-70b,90.0,78.0,89.63636363636364,68.81818181818181,11
df1332261bd82e21,model,deepseek/deepseek-chat-v3-0324,gemini-2.0-flash,85.0,55.0,74.9,57.1,10
df1332261bd82e21,model,deepseek/deepseek-chat-v3-0324,llama-3.3-70b,90.0,30.0,74.9,57.1,10
bdb62318f12c385a,model,deepseek/deepseek-chat-v3-0324,gemini-2.0-flash,85.0,45.0,95.1,71.7,10
bdb62318f12c385a,model,deepseek/deepseek-chat-v3-0324,llama-3.3-70b,95.0,40.0,95.1,71.7,10
6ae4a216764c6520,model,deepseek/deepseek-chat-v3-0324,gemini-2.0-flash,85.0,55.0,75.8,51.2,10
6ae4a216764c6520,model,deepseek/deepseek-chat-v3-0324,llama-3.3-70b,95.0,80.0,75.8,51.2,10
6b4b20c3fbcd7871,model,deepseek/deepseek-chat-v3-0324,gemini-2.0-flash,85.0,65.0,84.88888888888889,70.77777777777777,9
6b4b20c3fbcd7871,model,deepseek/deepseek-chat-v3-0324,llama-3.3-70b,95.0,80.0,84.88888888888889,70.77777777777777,9
88a8b5c054a3c8a7,model,deepseek/deepseek-chat-v3-0324,gemini-2.0-flash,90.0,65.0,80.44444444444444,74.44444444444444,9
88a8b5c054a3c8a7,model,deepseek/deepseek-chat-v3-0324,llama-3.3-70b,98.0,90.0,80.44444444444444,74.44444444444444,9
9c62f807c3c1c798,model,deepseek/deepseek-chat-v3-0324,gemini-2.0-flash,85.0,75.0,70.58333333333333,72.0,12
9c62f807c3c1c798,model,deepseek/deepseek-chat-v3-0324,llama-3.3-70b,95.0,80.0,70.58333333333333,72.0,12
18f47a31dff2555f,model,deepseek/deepseek-chat-v3-0324,gemini-2.0-flash,90.0,55.0,93.1,77.2,10
18f47a31dff2555f,model,deepseek/deepseek-chat-v3-0324,llama-3.3-70b,98.0,50.0,93.1,77.2,10
05beef666a0fadcd,model,deepseek/deepseek-chat-v3-0324,gemini-2.0-flash,85.0,55.0,79.66666666666667,49.666666666666664,9
05beef666a0fadcd,model,deepseek/deepseek-chat-v3-0324,llama-3.3-70b,90.0,50.0,79.66666666666667,49.666666666666664,9
ae2f4ce79fdf63ee,model,deepseek/deepseek-chat-v3-0324,gemini-2.0-flash,85.0,55.0,87.7,65.0,10
ae2f4ce79fdf63ee,model,deepseek/deepseek-chat-v3-0324,llama-3.3-70b,95.0,60.0,87.7,65.0,10
33540b7c5a2f3abe,model,deepseek/deepseek-chat-v3-0324,gemini-2.0-flash,85.0,55.0,70.6,62.4,10
33540b7c5a2f3abe,model,deepseek/deepseek-chat-v3-0324,llama-3.3-70b,95.0,75.0,70.6,62.4,10
f3faa9271ec62f4f,model,deepseek/deepseek-chat-v3-0324,gemini-2.0-flash,75.0,55.0,67.9090909090909,60.09090909090909,11
f3faa9271ec62f4f,model,deepseek/deepseek-chat-v3-0324,llama-3.3-70b,90.0,77.0,67.9090909090909,60.09090909090909,11
8028fb69b6902ff5,model,deepseek/deepseek-chat-v3-0324,gemini-2.0-flash,75.0,70.0,72.72727272727273,64.81818181818181,11
8028fb69b6902ff5,model,deepseek/deepseek-chat-v3-0324,llama-3.3-70b,90.0,82.0,72.72727272727273,64.81818181818181,11
6733d4d6ca76c4b4,model,deepseek/deepseek-chat-v3-0324,gemini-2.0-flash,85.0,55.0,86.0,42.0,11
6733d4d6ca76c4b4,model,deepseek/deepseek-chat-v3-0324,llama-3.3-70b,90.0,65.0,86.0,42.0,11
6409a81d27eddbbd,model,deepseek/deepseek-chat-v3-0324,gemini-2.0-flash,85.0,70.0,85.6,53.5,10
6409a81d27eddbbd,model,deepseek/deepseek-chat-v3-0324,llama-3.3-70b,90.0,65.0,85.6,53.5,10
cd34cc0d3b1a6908,model,deepseek/deepseek-chat-v3-0324,gemini-2.0-flash,85.0,55.0,94.2,66.1,10
cd34cc0d3b1a6908,model,deepseek/deepseek-chat-v3-0324,llama-3.3-70b,95.0,40.0,94.2,66.1,10
e5774052deb08926,model,deepseek/deepseek-chat-v3-0324,gemini-2.0-flash,85.0,55.0,84.63636363636364,61.63636363636363,11
e5774052deb08926,model,deepseek/deepseek-chat-v3-0324,llama-3.3-70b,90.0,60.0,84.63636363636364,61.63636363636363,11
8b7bfa403878417d,model,deepseek/deepseek-chat-v3-0324,gemini-2.0-flash,85.0,35.0,87.9,69.8,10
8b7bfa403878417d,model,deepseek/deepseek-chat-v3-0324,llama-3.3-70b,95.0,40.0,87.9,69.8,10
98bea07985b4d1b5,model,deepseek/deepseek-chat-v3-0324,gemini-2.0-flash,75.0,55.0,60.09090909090909,66.72727272727273,11
98bea07985b4d1b5,model,deepseek/deepseek-chat-v3-0324,llama-3.3-70b,90.0,65.0,60.09090909090909,66.72727272727273,11
ed5bc17cfb5eb38d,model,deepseek/deepseek-chat-v3-0324,gemini-2.0-flash,85.0,55.0,77.22222222222223,55.111111111111114,9
ed5bc17cfb5eb38d,model,deepseek/deepseek-chat-v3-0324,llama-3.3-70b,90.0,70.0,77.22222222222223,55.111111111111114,9
4bca86b14c741ade,model,openai/chatgpt-4o-latest,gemini-2.0-flash,85.0,65.0,85.4,63.7,10
4bca86b14c741ade,model,openai/chatgpt-4o-latest,llama-3.3-70b,90.0,55.0,85.4,63.7,10
0b5aab102d67ba79,model,openai/chatgpt-4o-latest,gemini-2.0-flash,90.0,45.0,85.6,65.9,10
0b5aab102d67ba79,model,openai/chatgpt-4o-latest,llama-3.3-70b,95.0,40.0,85.6,65.9,10
41c1307387f76efa,model,openai/chatgpt-4o-latest,gemini-2.0-flash,68.0,35.0,78.22222222222223,58.22222222222222,9
41c1307387f76efa,model,openai/chatgpt-4o-latest,llama-3.3-70b,78.0,30.0,78.22222222222223,58.22222222222222,9
26145b879babad94,model,openai/chatgpt-4o-latest,gemini-2.0-flash,75.0,45.0,85.9,69.3,10
26145b879babad94,model,openai/chatgpt-4o-latest,llama-3.3-70b,90.0,50.0,85.9,69.3,10
9a61371a6535967a,model,openai/chatgpt-4o-latest,gemini-2.0-flash,65.0,20.0,75.0,45.5,10
9a61371a6535967a,model,openai/chatgpt-4o-latest,llama-3.3-70b,65.0,20.0,75.0,45.5,10
a7c289683c59b532,model,openai/chatgpt-4o-latest,gemini-2.0-flash,85.0,55.0,85.11111111111111,69.66666666666667,9
a7c289683c59b532,model,openai/chatgpt-4o-latest,llama-3.3-70b,90.0,73.0,85.11111111111111,69.66666666666667,9
038acc53befbb959,model,openai/chatgpt-4o-latest,gemini-2.0-flash,85.0,55.0,87.5,57.5,12
038acc53befbb959,model,openai/chatgpt-4o-latest,llama-3.3-70b,95.0,60.0,87.5,57.5,12
44343cf83d861f93,model,openai/chatgpt-4o-latest,gemini-2.0-flash,85.0,35.0,72.3,63.2,10
44343cf83d861f93,model,openai/chatgpt-4o-latest,llama-3.3-70b,90.0,41.0,72.3,63.2,10
5baee60ab85cb3b3,model,openai/chatgpt-4o-latest,gemini-2.0-flash,85.0,45.0,79.5,45.2,10
5baee60ab85cb3b3,model,openai/chatgpt-4o-latest,llama-3.3-70b,90.0,40.0,79.5,45.2,10
4be7e877ca9e3d47,model,openai/chatgpt-4o-latest,gemini-2.0-flash,85.0,65.0,67.9,57.8,10
4be7e877ca9e3d47,model,openai/chatgpt-4o-latest,llama-3.3-70b,90.0,70.0,67.9,57.8,10
1f1f7d0c78653b59,model,openai/chatgpt-4o-latest,gemini-2.0-flash,90.0,55.0,77.88888888888889,65.77777777777777,9
1f1f7d0c78653b59,model,openai/chatgpt-4o-latest,llama-3.3-70b,90.0,60.0,77.88888888888889,65.77777777777777,9
48131b5315dfb00e,model,openai/chatgpt-4o-latest,gemini-2.0-flash,90.0,55.0,90.66666666666667,76.77777777777777,9
48131b5315dfb00e,model,openai/chatgpt-4o-latest,llama-3.3-70b,95.0,65.0,90.66666666666667,76.77777777777777,9
35cdca9fab365deb,model,openai/chatgpt-4o-latest,gemini-2.0-flash,75.0,55.0,59.9,57.4,10
35cdca9fab365deb,model,openai/chatgpt-4o-latest,llama-3.3-70b,95.0,60.0,59.9,57.4,10
14cbaa7fcc113b4c,model,openai/chatgpt-4o-latest,gemini-2.0-flash,85.0,55.0,82.88888888888889,58.0,9
14cbaa7fcc113b4c,model,openai/chatgpt-4o-latest,llama-3.3-70b,90.0,55.0,82.88888888888889,58.0,9
dd7f2e11f4fd70aa,model,openai/chatgpt-4o-latest,gemini-2.0-flash,85.0,55.0,82.4,63.6,10
dd7f2e11f4fd70aa,model,openai/chatgpt-4o-latest,llama-3.3-70b,90.0,65.0,82.4,63.6,10
9b8129616d9e3eee,model,openai/chatgpt-4o-latest,gemini-2.0-flash,55.0,55.0,66.88888888888889,65.77777777777777,9
9b8129616d9e3eee,model,openai/chatgpt-4o-latest,llama-3.3-70b,90.0,60.0,66.88888888888889,65.77777777777777,9
2264ff11742e116d,model,openai/chatgpt-4o-latest,gemini-2.0-flash,85.0,65.0,87.8,54.6,10
2264ff11742e116d,model,openai/chatgpt-4o-latest,llama-3.3-70b,90.0,81.0,87.8,54.6,10
e7ea1edbdef82da1,model,openai/chatgpt-4o-latest,gemini-2.0-flash,72.0,70.0,80.54545454545455,70.72727272727273,11
e7ea1edbdef82da1,model,openai/chatgpt-4o-latest,llama-3.3-70b,85.0,75.0,80.54545454545455,70.72727272727273,11
42d12af190553401,model,openai/chatgpt-4o-latest,gemini-2.0-flash,85.0,55.0,90.4,64.2,10
42d12af190553401,model,openai/chatgpt-4o-latest,llama-3.3-70b,95.0,80.0,90.4,64.2,10
e0012aabbeb6c007,model,openai/chatgpt-4o-latest,gemini-2.0-flash,85.0,55.0,81.72727272727273,75.9090909090909,11
e0012aabbeb6c007,model,openai/chatgpt-4o-latest,llama-3.3-70b,95.0,73.0,81.72727272727273,75.9090909090909,11
e33353841b94349f,model,openai/chatgpt-4o-latest,gemini-2.0-flash,85.0,55.0,82.0,74.55555555555556,9
e33353841b94349f,model,openai/chatgpt-4o-latest,llama-3.3-70b,95.0,60.0,82.0,74.55555555555556,9
b93be662490b5075,model,openai/chatgpt-4o-latest,gemini-2.0-flash,75.0,65.0,79.7,59.2,10
b93be662490b5075,model,openai/chatgpt-4o-latest,llama-3.3-70b,90.0,70.0,79.7,59.2,10
6bf565657160d154,model,openai/chatgpt-4o-latest,gemini-2.0-flash,90.0,55.0,84.9,62.5,10
6bf565657160d154,model,openai/chatgpt-4o-latest,llama-3.3-70b,95.0,60.0,84.9,62.5,10
1919e8193980ed65,model,openai/chatgpt-4o-latest,gemini-2.0-flash,85.0,70.0,77.8,72.0,10
1919e8193980ed65,model,openai/chatgpt-4o-latest,llama-3.3-70b,90.0,82.0,77.8,72.0,10
6bc03bae15efab1d,model,openai/chatgpt-4o-latest,gemini-2.0-flash,85.0,55.0,89.2,67.6,10
6bc03bae15efab1d,model,openai/chatgpt-4o-latest,llama-3.3-70b,90.0,55.0,89.2,67.6,10
4c16e2e1462efac7,model,openai/chatgpt-4o-latest,gemini-2.0-flash,90.0,45.0,70.9,46.4,10
4c16e2e1462efac7,model,openai/chatgpt-4o-latest,llama-3.3-70b,95.0,50.0,70.9,46.4,10
d27dbad85632ded1,model,openai/chatgpt-4o-latest,gemini-2.0-flash,85.0,45.0,83.7,61.9,10
d27dbad85632ded1,model,openai/chatgpt-4o-latest,llama-3.3-70b,95.0,55.0,83.7,61.9,10
7b9d921f202a67f9,model,openai/chatgpt-4o-latest,gemini-2.0-flash,85.0,55.0,83.11111111111111,56.888888888888886,9
7b9d921f202a67f9,model,openai/chatgpt-4o-latest,llama-3.3-70b,90.0,50.0,83.11111111111111,56.888888888888886,9
73b7fb30a6f7422b,model,openai/chatgpt-4o-latest,gemini-2.0-flash,85.0,65.0,84.0,55.5,10
73b7fb30a6f7422b,model,openai/chatgpt-4o-latest,llama-3.3-70b,95.0,80.0,84.0,55.5,10
f970d4e9dd297629,model,openai/chatgpt-4o-latest,gemini-2.0-flash,85.0,65.0,80.3,66.9,10
f970d4e9dd297629,model,openai/chatgpt-4o-latest,llama-3.3-70b,95.0,70.0,80.3,66.9,10
eaf13e0452ecb3fd,model,openai/chatgpt-4o-latest,gemini-2.0-flash,90.0,65.0,89.7,67.8,10
eaf13e0452ecb3fd,model,openai/chatgpt-4o-latest,llama-3.3-70b,95.0,80.0,89.7,67.8,10
f19c06f698e7b0ba,model,openai/chatgpt-4o-latest,gemini-2.0-flash,85.0,45.0,85.45454545454545,58.36363636363637,11
f19c06f698e7b0ba,model,openai/chatgpt-4o-latest,llama-3.3-70b,95.0,61.0,85.45454545454545,58.36363636363637,11
41b0e105bdf081fa,model,openai/chatgpt-4o-latest,gemini-2.0-flash,85.0,70.0,86.33333333333333,70.77777777777777,9
41b0e105bdf081fa,model,openai/chatgpt-4o-latest,llama-3.3-70b,95.0,80.0,86.33333333333333,70.77777777777777,9
929a516ce2503291,model,openai/chatgpt-4o-latest,gemini-2.0-flash,85.0,55.0,77.0,57.888888888888886,9
929a516ce2503291,model,openai/chatgpt-4o-latest,llama-3.3-70b,95.0,60.0,77.0,57.888888888888886,9
d75533380474008d,model,openai/chatgpt-4o-latest,gemini-2.0-flash,85.0,55.0,80.7,48.0,10
d75533380474008d,model,openai/chatgpt-4o-latest,llama-3.3-70b,95.0,50.0,80.7,48.0,10
46b20ba4f8dfe4df,model,openai/chatgpt-4o-latest,gemini-2.0-flash,85.0,65.0,83.8,43.9,10
46b20ba4f8dfe4df,model,openai/chatgpt-4o-latest,llama-3.3-70b,90.0,68.0,83.8,43.9,10
38a2a1578b783202,model,openai/chatgpt-4o-latest,gemini-2.0-flash,75.0,65.0,61.3,44.6,10
38a2a1578b783202,model,openai/chatgpt-4o-latest,llama-3.3-70b,90.0,55.0,61.3,44.6,10
b4be99323a1e580f,model,openai/chatgpt-4o-latest,gemini-2.0-flash,90.0,70.0,80.6,78.7,10
b4be99323a1e580f,model,openai/chatgpt-4o-latest,llama-3.3-70b,95.0,78.0,80.6,78.7,10
d35e5d5ad94a6fe5,model,openai/chatgpt-4o-latest,gemini-2.0-flash,85.0,65.0,87.4,66.9,10
d35e5d5ad94a6fe5,model,openai/chatgpt-4o-latest,llama-3.3-70b,90.0,70.0,87.4,66.9,10
01bf9bc3a65401a8,model,openai/chatgpt-4o-latest,gemini-2.0-flash,85.0,55.0,92.8,67.4,10
01bf9bc3a65401a8,model,openai/chatgpt-4o-latest,llama-3.3-70b,90.0,40.0,92.8,67.4,10
b72ca9812ae25b42,model,openai/chatgpt-4o-latest,gemini-2.0-flash,85.0,75.0,91.9090909090909,75.9090909090909,11
b72ca9812ae25b42,model,openai/chatgpt-4o-latest,llama-3.3-70b,95.0,80.0,91.9090909090909,75.9090909090909,11
8542f74c93ae8910,model,openai/chatgpt-4o-latest,gemini-2.0-flash,90.0,55.0,93.4,64.6,10
8542f74c93ae8910,model,openai/chatgpt-4o-latest,llama-3.3-70b,95.0,70.0,93.4,64.6,10
35e64814cd92e3a9,model,openai/chatgpt-4o-latest,gemini-2.0-flash,65.0,35.0,75.5,46.1,10
35e64814cd92e3a9,model,openai/chatgpt-4o-latest,llama-3.3-70b,55.0,20.0,75.5,46.1,10
aa1fd2474aa46b33,model,openai/chatgpt-4o-latest,gemini-2.0-flash,85.0,65.0,82.88888888888889,58.333333333333336,9
aa1fd2474aa46b33,model,openai/chatgpt-4o-latest,llama-3.3-70b,95.0,81.0,82.88888888888889,58.333333333333336,9
c97b24c790ed984f,model,openai/chatgpt-4o-latest,gemini-2.0-flash,85.0,75.0,94.6,78.5,10
c97b24c790ed984f,model,openai/chatgpt-4o-latest,llama-3.3-70b,95.0,80.0,94.6,78.5,10
1a85d58f7880b9b5,model,openai/chatgpt-4o-latest,gemini-2.0-flash,72.0,45.0,76.7,63.9,10
1a85d58f7880b9b5,model,openai/chatgpt-4o-latest,llama-3.3-70b,78.0,30.0,76.7,63.9,10
86bf9e5a6cd627a6,model,openai/chatgpt-4o-latest,gemini-2.0-flash,85.0,55.0,87.72727272727273,78.27272727272727,11
86bf9e5a6cd627a6,model,openai/chatgpt-4o-latest,llama-3.3-70b,90.0,73.0,87.72727272727273,78.27272727272727,11
2386115245cc791b,model,openai/chatgpt-4o-latest,gemini-2.0-flash,85.0,65.0,75.5,54.8,10
2386115245cc791b,model,openai/chatgpt-4o-latest,llama-3.3-70b,85.0,61.0,75.5,54.8,10
63ce872bc1e0be42,model,openai/chatgpt-4o-latest,gemini-2.0-flash,85.0,55.0,72.9090909090909,68.9090909090909,11
63ce872bc1e0be42,model,openai/chatgpt-4o-latest,llama-3.3-70b,90.0,65.0,72.9090909090909,68.9090909090909,11
b577c71ef01b2768,model,openai/chatgpt-4o-latest,gemini-2.0-flash,85.0,55.0,71.5,65.0,10
b577c71ef01b2768,model,openai/chatgpt-4o-latest,llama-3.3-70b,95.0,90.0,71.5,65.0,10
42e41f7467e16003,model,openai/chatgpt-4o-latest,gemini-2.0-flash,65.0,55.0,58.9,50.1,10
42e41f7467e16003,model,openai/chatgpt-4o-latest,llama-3.3-70b,70.0,60.0,58.9,50.1,10
c3e22d0152080e15,model,openai/chatgpt-4o-latest,gemini-2.0-flash,75.0,55.0,76.8,63.6,10
c3e22d0152080e15,model,openai/chatgpt-4o-latest,llama-3.3-70b,95.0,60.0,76.8,63.6,10
0387c8ea6f8450e9,model,openai/chatgpt-4o-latest,gemini-2.0-flash,85.0,55.0,80.72727272727273,56.18181818181818,11
0387c8ea6f8450e9,model,openai/chatgpt-4o-latest,llama-3.3-70b,90.0,50.0,80.72727272727273,56.18181818181818,11
8db1935f44e66178,model,openai/chatgpt-4o-latest,gemini-2.0-flash,55.0,45.0,57.1,44.2,10
8db1935f44e66178,model,openai/chatgpt-4o-latest,llama-3.3-70b,55.0,40.0,57.1,44.2,10
81b1a5180a515125,model,openai/chatgpt-4o-latest,gemini-2.0-flash,75.0,55.0,46.4,40.6,10
81b1a5180a515125,model,openai/chatgpt-4o-latest,llama-3.3-70b,78.0,40.0,46.4,40.6,10
fd4e25757804841f,model,openai/chatgpt-4o-latest,gemini-2.0-flash,85.0,70.0,80.33333333333333,66.33333333333333,9
fd4e25757804841f,model,openai/chatgpt-4o-latest,llama-3.3-70b,90.0,73.0,80.33333333333333,66.33333333333333,9
ccd94b47fc92f77c,model,openai/chatgpt-4o-latest,gemini-2.0-flash,85.0,55.0,63.8,57.5,10
ccd94b47fc92f77c,model,openai/chatgpt-4o-latest,llama-3.3-70b,90.0,30.0,63.8,57.5,10
6bb3c2abdc1ee9d1,model,openai/chatgpt-4o-latest,gemini-2.0-flash,75.0,45.0,64.44444444444444,46.55555555555556,9
6bb3c2abdc1ee9d1,model,openai/chatgpt-4o-latest,llama-3.3-70b,85.0,58.0,64.44444444444444,46.55555555555556,9
0df1701d0efb7215,model,openai/chatgpt-4o-latest,gemini-2.0-flash,85.0,55.0,70.2,61.9,10
0df1701d0efb7215,model,openai/chatgpt-4o-latest,llama-3.3-70b,90.0,65.0,70.2,61.9,10
ddf6b20a3a784137,model,openai/chatgpt-4o-latest,gemini-2.0-flash,90.0,55.0,91.22222222222223,68.66666666666667,9
ddf6b20a3a784137,model,openai/chatgpt-4o-latest,llama-3.3-70b,90.0,68.0,91.22222222222223,68.66666666666667,9
38553541f9faeb0d,edited,anthropic/claude-sonnet-4,gemini-2.0-flash,68.0,55.0,80.44444444444444,60.333333333333336,9
38553541f9faeb0d,edited,anthropic/claude-sonnet-4,llama-3.3-70b,85.0,60.0,80.44444444444444,60.333333333333336,9
7e2bdbe54045604c,edited,anthropic/claude-sonnet-4,gemini-2.0-flash,68.0,55.0,91.58333333333333,48.75,12
7e2bdbe54045604c,edited,anthropic/claude-sonnet-4,llama-3.3-70b,90.0,50.0,91.58333333333333,48.75,12
f4ece1de3ecf3b92,edited,openai/chatgpt-4o-latest,gemini-2.0-flash,65.0,55.0,74.08333333333333,66.91666666666667,12
f4ece1de3ecf3b92,edited,openai/chatgpt-4o-latest,llama-3.3-70b,70.0,60.0,74.08333333333333,66.91666666666667,12
7c5732e901d4714e,edited,openai/chatgpt-4o-latest,gemini-2.0-flash,75.0,50.0,76.41666666666667,38.583333333333336,12
7c5732e901d4714e,edited,openai/chatgpt-4o-latest,llama-3.3-70b,90.0,65.0,76.41666666666667,38.583333333333336,12
fcbf82e5a885952a,edited,deepseek/deepseek-chat-v3-0324,gemini-2.0-flash,68.0,65.0,59.7,47.7,10
fcbf82e5a885952a,edited,deepseek/deepseek-chat-v3-0324,llama-3.3-70b,68.0,41.0,59.7,47.7,10
ea1db96c3292714c,edited,deepseek/deepseek-chat-v3-0324,gemini-2.0-flash,85.0,65.0,91.0,76.4,10
ea1db96c3292714c,edited,deepseek/deepseek-chat-v3-0324,llama-3.3-70b,90.0,20.0,91.0,76.4,10
9e44e6c0d77d3a9e,edited,openai/chatgpt-4o-latest,gemini-2.0-flash,65.0,55.0,77.55555555555556,53.0,9
9e44e6c0d77d3a9e,edited,openai/chatgpt-4o-latest,llama-3.3-70b,65.0,50.0,77.55555555555556,53.0,9
ba90297874e7b548,edited,openai/chatgpt-4o-latest,gemini-2.0-flash,75.0,65.0,70.88888888888889,73.77777777777777,9
ba90297874e7b548,edited,openai/chatgpt-4o-latest,llama-3.3-70b,90.0,80.0,70.88888888888889,73.77777777777777,9
21b0df07fa1b4416,edited,anthropic/claude-sonnet-4,gemini-2.0-flash,65.0,55.0,84.85714285714286,63.214285714285715,14
21b0df07fa1b4416,edited,anthropic/claude-sonnet-4,llama-3.3-70b,58.0,40.0,84.85714285714286,63.214285714285715,14
b687d06d668159ba,edited,deepseek/deepseek-chat-v3-0324,gemini-2.0-flash,85.0,55.0,86.8,59.3,10
b687d06d668159ba,edited,deepseek/deepseek-chat-v3-0324,llama-3.3-70b,90.0,40.0,86.8,59.3,10
3c0e5b27499fc9d5,edited,deepseek/deepseek-chat-v3-0324,gemini-2.0-flash,85.0,65.0,75.8,62.5,10
3c0e5b27499fc9d5,edited,deepseek/deepseek-chat-v3-0324,llama-3.3-70b,90.0,65.0,75.8,62.5,10
dd094a7ddddbed75,edited,openai/chatgpt-4o-latest,gemini-2.0-flash,65.0,45.0,75.27272727272727,41.0,11
dd094a7ddddbed75,edited,openai/chatgpt-4o-latest,llama-3.3-70b,82.0,55.0,75.27272727272727,41.0,11
d00ce4430572fb78,edited,openai/chatgpt-4o-latest,gemini-2.0-flash,75.0,55.0,76.2,51.6,10
d00ce4430572fb78,edited,openai/chatgpt-4o-latest,llama-3.3-70b,85.0,55.0,76.2,51.6,10
88a5d7107574bda4,edited,deepseek/deepseek-chat-v3-0324,gemini-2.0-flash,85.0,65.0,90.11111111111111,82.11111111111111,9
88a5d7107574bda4,edited,deepseek/deepseek-chat-v3-0324,llama-3.3-70b,90.0,81.0,90.11111111111111,82.11111111111111,9
a3e97d0096137326,edited,openai/chatgpt-4o-latest,gemini-2.0-flash,85.0,55.0,81.08333333333333,72.33333333333333,12
a3e97d0096137326,edited,openai/chatgpt-4o-latest,llama-3.3-70b,90.0,50.0,81.08333333333333,72.33333333333333,12
1ec4bdad0d10444a,edited,openai/chatgpt-4o-latest,gemini-2.0-flash,85.0,55.0,84.33333333333333,60.888888888888886,9
1ec4bdad0d10444a,edited,openai/chatgpt-4o-latest,llama-3.3-70b,95.0,81.0,84.33333333333333,60.888888888888886,9
1bf8293f45c2b085,edited,anthropic/claude-sonnet-4,gemini-2.0-flash,85.0,65.0,94.11111111111111,70.33333333333333,9
1bf8293f45c2b085,edited,anthropic/claude-sonnet-4,llama-3.3-70b,90.0,80.0,94.11111111111111,70.33333333333333,9
0b6c8c8b9b5d832f,edited,deepseek/deepseek-chat-v3-0324,gemini-2.0-flash,75.0,65.0,79.3,57.6,10
0b6c8c8b9b5d832f,edited,deepseek/deepseek-chat-v3-0324,llama-3.3-70b,75.0,85.0,79.3,57.6,10
ca92326d0d9da10b,edited,deepseek/deepseek-chat-v3-0324,gemini-2.0-flash,85.0,65.0,84.66666666666667,67.83333333333333,12
ca92326d0d9da10b,edited,deepseek/deepseek-chat-v3-0324,llama-3.3-70b,95.0,80.0,84.66666666666667,67.83333333333333,12
1c78fd181ed8c79a,edited,openai/chatgpt-4o-latest,gemini-2.0-flash,85.0,55.0,91.88888888888889,70.0,9
1c78fd181ed8c79a,edited,openai/chatgpt-4o-latest,llama-3.3-70b,90.0,65.0,91.88888888888889,70.0,9
b114d3f7d11e5e8d,edited,anthropic/claude-sonnet-4,gemini-2.0-flash,72.0,65.0,84.33333333333333,62.55555555555556,9
b114d3f7d11e5e8d,edited,anthropic/claude-sonnet-4,llama-3.3-70b,85.0,50.0,84.33333333333333,62.55555555555556,9
18885f756f75d889,edited,anthropic/claude-sonnet-4,gemini-2.0-flash,75.0,55.0,90.0,71.2,10
18885f756f75d889,edited,anthropic/claude-sonnet-4,llama-3.3-70b,70.0,60.0,90.0,71.2,10
c2433333bc60e6f9,edited,deepseek/deepseek-chat-v3-0324,gemini-2.0-flash,85.0,75.0,85.4,70.1,10
c2433333bc60e6f9,edited,deepseek/deepseek-chat-v3-0324,llama-3.3-70b,95.0,90.0,85.4,70.1,10
2cf6b47d1c0e2d21,edited,anthropic/claude-sonnet-4,gemini-2.0-flash,65.0,10.0,40.833333333333336,9.25,12
2cf6b47d1c0e2d21,edited,anthropic/claude-sonnet-4,llama-3.3-70b,60.0,0.0,40.833333333333336,9.25,12
47416e41b3fabc33,edited,deepseek/deepseek-chat-v3-0324,gemini-2.0-flash,85.0,45.0,86.2,72.6,10
47416e41b3fabc33,edited,deepseek/deepseek-chat-v3-0324,llama-3.3-70b,95.0,50.0,86.2,72.6,10
bcf3424ec74599a9,edited,deepseek/deepseek-chat-v3-0324,gemini-2.0-flash,85.0,45.0,73.54545454545455,41.36363636363637,11
bcf3424ec74599a9,edited,deepseek/deepseek-chat-v3-0324,llama-3.3-70b,82.0,41.0,73.54545454545455,41.36363636363637,11
dd3a9721cf7a32a9,edited,deepseek/deepseek-chat-v3-0324,gemini-2.0-flash,85.0,75.0,86.9090909090909,81.18181818181819,11
dd3a9721cf7a32a9,edited,deepseek/deepseek-chat-v3-0324,llama-3.3-70b,95.0,82.0,86.9090909090909,81.18181818181819,11
3d0d8c12b08571c0,edited,deepseek/deepseek-chat-v3-0324,gemini-2.0-flash,72.0,55.0,72.7,47.6,10
3d0d8c12b08571c0,edited,deepseek/deepseek-chat-v3-0324,llama-3.3-70b,90.0,41.0,72.7,47.6,10
2e47af097c0e6847,edited,openai/chatgpt-4o-latest,gemini-2.0-flash,85.0,55.0,92.77777777777777,54.111111111111114,9
2e47af097c0e6847,edited,openai/chatgpt-4o-latest,llama-3.3-70b,90.0,50.0,92.77777777777777,54.111111111111114,9
0ca1df7b8e88c9b9,edited,anthropic/claude-sonnet-4,gemini-2.0-flash,45.0,55.0,62.22222222222222,59.888888888888886,9
0ca1df7b8e88c9b9,edited,anthropic/claude-sonnet-4,llama-3.3-70b,55.0,60.0,62.22222222222222,59.888888888888886,9
6d673da36b69b3cd,edited,deepseek/deepseek-chat-v3-0324,gemini-2.0-flash,85.0,75.0,83.1,71.9,10
6d673da36b69b3cd,edited,deepseek/deepseek-chat-v3-0324,llama-3.3-70b,90.0,87.0,83.1,71.9,10
c9129d0a49e4c95f,edited,deepseek/deepseek-chat-v3-0324,gemini-2.0-flash,85.0,75.0,80.22222222222223,52.55555555555556,9
c9129d0a49e4c95f,edited,deepseek/deepseek-chat-v3-0324,llama-3.3-70b,90.0,80.0,80.22222222222223,52.55555555555556,9
428d6dcf2b66ad19,edited,openai/chatgpt-4o-latest,gemini-2.0-flash,85.0,55.0,81.72727272727273,76.36363636363636,11
428d6dcf2b66ad19,edited,openai/chatgpt-4o-latest,llama-3.3-70b,95.0,60.0,81.72727272727273,76.36363636363636,11
0e3086495099ef4a,edited,anthropic/claude-sonnet-4,gemini-2.0-flash,85.0,55.0,81.2,60.4,10
0e3086495099ef4a,edited,anthropic/claude-sonnet-4,llama-3.3-70b,95.0,75.0,81.2,60.4,10
f800b3d0bc505cd4,edited,deepseek/deepseek-chat-v3-0324,gemini-2.0-flash,85.0,55.0,87.0,72.55555555555556,9
f800b3d0bc505cd4,edited,deepseek/deepseek-chat-v3-0324,llama-3.3-70b,85.0,55.0,87.0,72.55555555555556,9
5081c2989c4355c2,edited,deepseek/deepseek-chat-v3-0324,gemini-2.0-flash,85.0,65.0,72.66666666666667,52.111111111111114,9
5081c2989c4355c2,edited,deepseek/deepseek-chat-v3-0324,llama-3.3-70b,95.0,80.0,72.66666666666667,52.111111111111114,9
b3d2a4f68d35a2d9,edited,anthropic/claude-sonnet-4,gemini-2.0-flash,75.0,65.0,91.2,66.0,10
b3d2a4f68d35a2d9,edited,anthropic/claude-sonnet-4,llama-3.3-70b,90.0,90.0,91.2,66.0,10
1fb58974bf2dfc9d,edited,anthropic/claude-sonnet-4,gemini-2.0-flash,72.0,45.0,77.2,53.0,10
1fb58974bf2dfc9d,edited,anthropic/claude-sonnet-4,llama-3.3-70b,90.0,41.0,77.2,53.0,10
f63004fc1dd624c3,edited,anthropic/claude-sonnet-4,gemini-2.0-flash,85.0,55.0,73.33333333333333,58.0,12
f63004fc1dd624c3,edited,anthropic/claude-sonnet-4,llama-3.3-70b,90.0,70.0,73.33333333333333,58.0,12
4cd3ee546251094f,edited,deepseek/deepseek-chat-v3-0324,gemini-2.0-flash,85.0,65.0,86.7,71.2,10
4cd3ee546251094f,edited,deepseek/deepseek-chat-v3-0324,llama-3.3-70b,90.0,55.0,86.7,71.2,10
36c93c29270ab3f3,edited,deepseek/deepseek-chat-v3-0324,gemini-2.0-flash,85.0,75.0,76.7,77.5,10
36c93c29270ab3f3,edited,deepseek/deepseek-chat-v3-0324,llama-3.3-70b,90.0,68.0,76.7,77.5,10
6c31eb8d15c864e7,edited,openai/chatgpt-4o-latest,gemini-2.0-flash,85.0,55.0,87.1,63.9,10
6c31eb8d15c864e7,edited,openai/chatgpt-4o-latest,llama-3.3-70b,90.0,80.0,87.1,63.9,10
cc25790f5f92d427,edited,anthropic/claude-sonnet-4,gemini-2.0-flash,75.0,55.0,71.0,65.2,10
cc25790f5f92d427,edited,anthropic/claude-sonnet-4,llama-3.3-70b,90.0,73.0,71.0,65.2,10
69717cebd3d64b00,edited,openai/chatgpt-4o-latest,gemini-2.0-flash,90.0,55.0,89.3,78.7,10
69717cebd3d64b00,edited,openai/chatgpt-4o-latest,llama-3.3-70b,95.0,60.0,89.3,78.7,10
a7a98f2d2824038c,edited,anthropic/claude-sonnet-4,gemini-2.0-flash,85.0,65.0,78.8,64.8,10
a7a98f2d2824038c,edited,anthropic/claude-sonnet-4,llama-3.3-70b,90.0,85.0,78.8,64.8,10
6890a674e4d705dd,edited,openai/chatgpt-4o-latest,gemini-2.0-flash,75.0,65.0,75.88888888888889,62.22222222222222,9
6890a674e4d705dd,edited,openai/chatgpt-4o-latest,llama-3.3-70b,90.0,80.0,75.88888888888889,62.22222222222222,9
89e36af735144e23,edited,openai/chatgpt-4o-latest,gemini-2.0-flash,85.0,65.0,88.0909090909091,72.0909090909091,11
89e36af735144e23,edited,openai/chatgpt-4o-latest,llama-3.3-70b,95.0,81.0,88.0909090909091,72.0909090909091,11
cfd5f5e15f228852,edited,anthropic/claude-sonnet-4,gemini-2.0-flash,85.0,65.0,82.0,65.0,10
cfd5f5e15f228852,edited,anthropic/claude-sonnet-4,llama-3.3-70b,90.0,75.0,82.0,65.0,10
ec3403108109f7c4,edited,openai/chatgpt-4o-latest,gemini-2.0-flash,75.0,55.0,89.66666666666667,71.88888888888889,9
ec3403108109f7c4,edited,openai/chatgpt-4o-latest,llama-3.3-70b,78.0,55.0,89.66666666666667,71.88888888888889,9
a9bf00cea720bb7a,edited,anthropic/claude-sonnet-4,gemini-2.0-flash,85.0,55.0,86.18181818181819,60.63636363636363,11
a9bf00cea720bb7a,edited,anthropic/claude-sonnet-4,llama-3.3-70b,95.0,68.0,86.18181818181819,60.63636363636363,11
7cdc5073abd8853d,edited,deepseek/deepseek-chat-v3-0324,gemini-2.0-flash,85.0,45.0,80.22222222222223,47.55555555555556,9
7cdc5073abd8853d,edited,deepseek/deepseek-chat-v3-0324,llama-3.3-70b,90.0,40.0,80.22222222222223,47.55555555555556,9
34c870742f78a73d,edited,deepseek/deepseek-chat-v3-0324,gemini-2.0-flash,85.0,55.0,85.91666666666667,61.333333333333336,12
34c870742f78a73d,edited,deepseek/deepseek-chat-v3-0324,llama-3.3-70b,95.0,75.0,85.91666666666667,61.333333333333336,12
cc627247f14e496b,edited,openai/chatgpt-4o-latest,gemini-2.0-flash,85.0,55.0,85.2,53.9,10
cc627247f14e496b,edited,openai/chatgpt-4o-latest,llama-3.3-70b,90.0,60.0,85.2,53.9,10
6cc42c2f02edbd00,edited,deepseek/deepseek-chat-v3-0324,gemini-2.0-flash,68.0,65.0,89.3,81.2,10
6cc42c2f02edbd00,edited,deepseek/deepseek-chat-v3-0324,llama-3.3-70b,78.0,68.0,89.3,81.2,10
7db325703f7f50c5,edited,openai/chatgpt-4o-latest,gemini-2.0-flash,90.0,30.0,85.0,41.888888888888886,9
7db325703f7f50c5,edited,openai/chatgpt-4o-latest,llama-3.3-70b,95.0,30.0,85.0,41.888888888888886,9
5763a183a018f35d,edited,deepseek/deepseek-chat-v3-0324,gemini-2.0-flash,65.0,35.0,44.111111111111114,28.22222222222222,9
5763a183a018f35d,edited,deepseek/deepseek-chat-v3-0324,llama-3.3-70b,80.0,30.0,44.111111111111114,28.22222222222222,9
8f0d8a601ab42cc8,edited,deepseek/deepseek-chat-v3-0324,gemini-2.0-flash,75.0,45.0,85.7,59.6,10
8f0d8a601ab42cc8,edited,deepseek/deepseek-chat-v3-0324,llama-3.3-70b,90.0,50.0,85.7,59.6,10
c3aa79ebde0510f0,edited,openai/chatgpt-4o-latest,gemini-2.0-flash,85.0,55.0,95.77777777777777,74.44444444444444,9
c3aa79ebde0510f0,edited,openai/chatgpt-4o-latest,llama-3.3-70b,95.0,40.0,95.77777777777777,74.44444444444444,9
0c326c91d31f64c0,edited,deepseek/deepseek-chat-v3-0324,gemini-2.0-flash,85.0,65.0,79.88888888888889,65.88888888888889,9
0c326c91d31f64c0,edited,deepseek/deepseek-chat-v3-0324,llama-3.3-70b,95.0,73.0,79.88888888888889,65.88888888888889,9
9b0d98190477d163,edited,deepseek/deepseek-chat-v3-0324,gemini-2.0-flash,85.0,55.0,87.44444444444444,56.666666666666664,9
9b0d98190477d163,edited,deepseek/deepseek-chat-v3-0324,llama-3.3-70b,90.0,55.0,87.44444444444444,56.666666666666664,9
