document_id,method,judge,clarity,informativeness,orig_clarity,orig_informativeness,human_clarity,human_informativeness,paragraph_type,model_name,delta_clarity,delta_informativeness
02141d01a5d94a1a,lit_informed_tight,gemini-2.0-flash,85,55,90.0,45.0,90.0,71.3,model,deepseek/deepseek-chat-v3-0324,-5.0,10.0
02141d01a5d94a1a,lit_informed_tight,llama-3.3-70b,95,60,95.0,60.0,90.0,71.3,model,deepseek/deepseek-chat-v3-0324,0.0,0.0
02141d01a5d94a1a,naive_tight,gemini-2.0-flash,90,55,90.0,45.0,90.0,71.3,model,deepseek/deepseek-chat-v3-0324,0.0,10.0
02141d01a5d94a1a,naive_tight,llama-3.3-70b,98,70,95.0,60.0,90.0,71.3,model,deepseek/deepseek-chat-v3-0324,3.0,10.0
057ff2c32392f26f,lit_informed_tight,gemini-2.0-flash,85,70,85.0,70.0,88.4,77.5,model,anthropic/claude-sonnet-4,0.0,0.0
057ff2c32392f26f,lit_informed_tight,llama-3.3-70b,90,75,95.0,80.0,88.4,77.5,model,anthropic/claude-sonnet-4,-5.0,-5.0
057ff2c32392f26f,naive_tight,gemini-2.0-flash,85,70,85.0,70.0,88.4,77.5,model,anthropic/claude-sonnet-4,0.0,0.0
057ff2c32392f26f,naive_tight,llama-3.3-70b,95,81,95.0,80.0,88.4,77.5,model,anthropic/claude-sonnet-4,0.0,1.0
05b82240f4d1c794,lit_informed_tight,gemini-2.0-flash,85,65,68.0,65.0,57.9,51.5,writer,,17.0,0.0
05b82240f4d1c794,lit_informed_tight,llama-3.3-70b,90,78,70.0,65.0,57.9,51.5,writer,,20.0,13.0
05b82240f4d1c794,naive_tight,gemini-2.0-flash,85,70,68.0,65.0,57.9,51.5,writer,,17.0,5.0
05b82240f4d1c794,naive_tight,llama-3.3-70b,90,80,70.0,65.0,57.9,51.5,writer,,20.0,15.0
0af4104b11b4049c,lit_informed_tight,gemini-2.0-flash,85,65,85.0,55.0,80.66666666666667,58.55555555555556,model,deepseek/deepseek-chat-v3-0324,0.0,10.0
0af4104b11b4049c,lit_informed_tight,llama-3.3-70b,95,80,90.0,80.0,80.66666666666667,58.55555555555556,model,deepseek/deepseek-chat-v3-0324,5.0,0.0
0af4104b11b4049c,naive_tight,gemini-2.0-flash,85,65,85.0,55.0,80.66666666666667,58.55555555555556,model,deepseek/deepseek-chat-v3-0324,0.0,10.0
0af4104b11b4049c,naive_tight,llama-3.3-70b,95,82,90.0,80.0,80.66666666666667,58.55555555555556,model,deepseek/deepseek-chat-v3-0324,5.0,2.0
0b52420f9d02601b,lit_informed_tight,gemini-2.0-flash,90,55,65.0,35.0,84.22222222222223,31.77777777777778,writer,,25.0,20.0
0b52420f9d02601b,lit_informed_tight,llama-3.3-70b,90,73,80.0,50.0,84.22222222222223,31.77777777777778,writer,,10.0,23.0
0b52420f9d02601b,naive_tight,gemini-2.0-flash,85,55,65.0,35.0,84.22222222222223,31.77777777777778,writer,,20.0,20.0
0b52420f9d02601b,naive_tight,llama-3.3-70b,95,81,80.0,50.0,84.22222222222223,31.77777777777778,writer,,15.0,31.0
0c326c91d31f64c0,lit_informed_tight,gemini-2.0-flash,85,55,85.0,65.0,79.88888888888889,65.88888888888889,edited,deepseek/deepseek-chat-v3-0324,0.0,-10.0
0c326c91d31f64c0,lit_informed_tight,llama-3.3-70b,95,60,95.0,73.0,79.88888888888889,65.88888888888889,edited,deepseek/deepseek-chat-v3-0324,0.0,-13.0
0c326c91d31f64c0,naive_tight,gemini-2.0-flash,85,65,85.0,65.0,79.88888888888889,65.88888888888889,edited,deepseek/deepseek-chat-v3-0324,0.0,0.0
0c326c91d31f64c0,naive_tight,llama-3.3-70b,90,60,95.0,73.0,79.88888888888889,65.88888888888889,edited,deepseek/deepseek-chat-v3-0324,-5.0,-13.0
0df1701d0efb7215,lit_informed_tight,gemini-2.0-flash,85,55,85.0,55.0,70.2,61.9,model,openai/chatgpt-4o-latest,0.0,0.0
0df1701d0efb7215,lit_informed_tight,llama-3.3-70b,90,65,90.0,65.0,70.2,61.9,model,openai/chatgpt-4o-latest,0.0,0.0
0df1701d0efb7215,naive_tight,gemini-2.0-flash,68,55,85.0,55.0,70.2,61.9,model,openai/chatgpt-4o-latest,-17.0,0.0
0df1701d0efb7215,naive_tight,llama-3.3-70b,90,70,90.0,65.0,70.2,61.9,model,openai/chatgpt-4o-latest,0.0,5.0
0e3086495099ef4a,lit_informed_tight,gemini-2.0-flash,85,65,85.0,55.0,81.2,60.4,edited,anthropic/claude-sonnet-4,0.0,10.0
0e3086495099ef4a,lit_informed_tight,llama-3.3-70b,95,73,95.0,75.0,81.2,60.4,edited,anthropic/claude-sonnet-4,0.0,-2.0
0e3086495099ef4a,naive_tight,gemini-2.0-flash,85,65,85.0,55.0,81.2,60.4,edited,anthropic/claude-sonnet-4,0.0,10.0
0e3086495099ef4a,naive_tight,llama-3.3-70b,95,75,95.0,75.0,81.2,60.4,edited,anthropic/claude-sonnet-4,0.0,0.0
0fff5b7448db9135,lit_informed_tight,gemini-2.0-flash,85,65,85.0,65.0,81.6,72.5,model,anthropic/claude-sonnet-4,0.0,0.0
0fff5b7448db9135,lit_informed_tight,llama-3.3-70b,95,90,95.0,85.0,81.6,72.5,model,anthropic/claude-sonnet-4,0.0,5.0
0fff5b7448db9135,naive_tight,gemini-2.0-flash,85,70,85.0,65.0,81.6,72.5,model,anthropic/claude-sonnet-4,0.0,5.0
0fff5b7448db9135,naive_tight,llama-3.3-70b,95,90,95.0,85.0,81.6,72.5,model,anthropic/claude-sonnet-4,0.0,5.0
18885f756f75d889,lit_informed_tight,gemini-2.0-flash,85,55,75.0,55.0,90.0,71.2,edited,anthropic/claude-sonnet-4,10.0,0.0
18885f756f75d889,lit_informed_tight,llama-3.3-70b,95,81,70.0,60.0,90.0,71.2,edited,anthropic/claude-sonnet-4,25.0,21.0
18885f756f75d889,naive_tight,gemini-2.0-flash,85,65,75.0,55.0,90.0,71.2,edited,anthropic/claude-sonnet-4,10.0,10.0
18885f756f75d889,naive_tight,llama-3.3-70b,90,70,70.0,60.0,90.0,71.2,edited,anthropic/claude-sonnet-4,20.0,10.0
1919e8193980ed65,lit_informed_tight,gemini-2.0-flash,85,70,85.0,70.0,77.8,72.0,model,openai/chatgpt-4o-latest,0.0,0.0
1919e8193980ed65,lit_informed_tight,llama-3.3-70b,90,82,90.0,82.0,77.8,72.0,model,openai/chatgpt-4o-latest,0.0,0.0
1919e8193980ed65,naive_tight,gemini-2.0-flash,85,70,85.0,70.0,77.8,72.0,model,openai/chatgpt-4o-latest,0.0,0.0
1919e8193980ed65,naive_tight,llama-3.3-70b,90,80,90.0,82.0,77.8,72.0,model,openai/chatgpt-4o-latest,0.0,-2.0
1a8101de41fd831e,lit_informed_tight,gemini-2.0-flash,85,65,65.0,45.0,65.3,31.8,writer,,20.0,20.0
1a8101de41fd831e,lit_informed_tight,llama-3.3-70b,90,80,55.0,40.0,65.3,31.8,writer,,35.0,40.0
1a8101de41fd831e,naive_tight,gemini-2.0-flash,85,65,65.0,45.0,65.3,31.8,writer,,20.0,20.0
1a8101de41fd831e,naive_tight,llama-3.3-70b,90,60,55.0,40.0,65.3,31.8,writer,,35.0,20.0
1bf8293f45c2b085,lit_informed_tight,gemini-2.0-flash,85,65,85.0,65.0,94.11111111111111,70.33333333333333,edited,anthropic/claude-sonnet-4,0.0,0.0
1bf8293f45c2b085,lit_informed_tight,llama-3.3-70b,90,80,90.0,80.0,94.11111111111111,70.33333333333333,edited,anthropic/claude-sonnet-4,0.0,0.0
1bf8293f45c2b085,naive_tight,gemini-2.0-flash,85,65,85.0,65.0,94.11111111111111,70.33333333333333,edited,anthropic/claude-sonnet-4,0.0,0.0
1bf8293f45c2b085,naive_tight,llama-3.3-70b,90,81,90.0,80.0,94.11111111111111,70.33333333333333,edited,anthropic/claude-sonnet-4,0.0,1.0
1d794e63e829f68f,lit_informed_tight,gemini-2.0-flash,75,55,72.0,45.0,80.0,67.36363636363636,model,anthropic/claude-sonnet-4,3.0,10.0
1d794e63e829f68f,lit_informed_tight,llama-3.3-70b,90,50,90.0,41.0,80.0,67.36363636363636,model,anthropic/claude-sonnet-4,0.0,9.0
1d794e63e829f68f,naive_tight,gemini-2.0-flash,72,45,72.0,45.0,80.0,67.36363636363636,model,anthropic/claude-sonnet-4,0.0,0.0
1d794e63e829f68f,naive_tight,llama-3.3-70b,85,60,90.0,41.0,80.0,67.36363636363636,model,anthropic/claude-sonnet-4,-5.0,19.0
2264ff11742e116d,lit_informed_tight,gemini-2.0-flash,85,65,85.0,65.0,87.8,54.6,model,openai/chatgpt-4o-latest,0.0,0.0
2264ff11742e116d,lit_informed_tight,llama-3.3-70b,90,81,90.0,81.0,87.8,54.6,model,openai/chatgpt-4o-latest,0.0,0.0
2264ff11742e116d,naive_tight,gemini-2.0-flash,85,65,85.0,65.0,87.8,54.6,model,openai/chatgpt-4o-latest,0.0,0.0
2264ff11742e116d,naive_tight,llama-3.3-70b,90,81,90.0,81.0,87.8,54.6,model,openai/chatgpt-4o-latest,0.0,0.0
2cf6b47d1c0e2d21,lit_informed_tight,gemini-2.0-flash,85,30,65.0,10.0,40.833333333333336,9.25,edited,anthropic/claude-sonnet-4,20.0,20.0
2cf6b47d1c0e2d21,lit_informed_tight,llama-3.3-70b,90,20,60.0,0.0,40.833333333333336,9.25,edited,anthropic/claude-sonnet-4,30.0,20.0
2cf6b47d1c0e2d21,naive_tight,gemini-2.0-flash,85,10,65.0,10.0,40.833333333333336,9.25,edited,anthropic/claude-sonnet-4,20.0,0.0
2cf6b47d1c0e2d21,naive_tight,llama-3.3-70b,40,0,60.0,0.0,40.833333333333336,9.25,edited,anthropic/claude-sonnet-4,-20.0,0.0
2e47af097c0e6847,lit_informed_tight,gemini-2.0-flash,85,55,85.0,55.0,92.77777777777776,54.11111111111112,edited,openai/chatgpt-4o-latest,0.0,0.0
2e47af097c0e6847,lit_informed_tight,llama-3.3-70b,90,50,90.0,50.0,92.77777777777776,54.11111111111112,edited,openai/chatgpt-4o-latest,0.0,0.0
2e47af097c0e6847,naive_tight,gemini-2.0-flash,85,55,85.0,55.0,92.77777777777776,54.11111111111112,edited,openai/chatgpt-4o-latest,0.0,0.0
2e47af097c0e6847,naive_tight,llama-3.3-70b,90,50,90.0,50.0,92.77777777777776,54.11111111111112,edited,openai/chatgpt-4o-latest,0.0,0.0
2f2796533557850f,lit_informed_tight,gemini-2.0-flash,85,65,65.0,55.0,75.1,68.8,writer,,20.0,10.0
2f2796533557850f,lit_informed_tight,llama-3.3-70b,90,90,55.0,60.0,75.1,68.8,writer,,35.0,30.0
2f2796533557850f,naive_tight,gemini-2.0-flash,75,65,65.0,55.0,75.1,68.8,writer,,10.0,10.0
2f2796533557850f,naive_tight,llama-3.3-70b,90,81,55.0,60.0,75.1,68.8,writer,,35.0,21.0
33540b7c5a2f3abe,lit_informed_tight,gemini-2.0-flash,85,70,85.0,55.0,70.6,62.4,model,deepseek/deepseek-chat-v3-0324,0.0,15.0
33540b7c5a2f3abe,lit_informed_tight,llama-3.3-70b,90,81,95.0,75.0,70.6,62.4,model,deepseek/deepseek-chat-v3-0324,-5.0,6.0
33540b7c5a2f3abe,naive_tight,gemini-2.0-flash,85,55,85.0,55.0,70.6,62.4,model,deepseek/deepseek-chat-v3-0324,0.0,0.0
33540b7c5a2f3abe,naive_tight,llama-3.3-70b,95,60,95.0,75.0,70.6,62.4,model,deepseek/deepseek-chat-v3-0324,0.0,-15.0
34c870742f78a73d,lit_informed_tight,gemini-2.0-flash,85,55,85.0,55.0,85.91666666666667,61.333333333333336,edited,deepseek/deepseek-chat-v3-0324,0.0,0.0
34c870742f78a73d,lit_informed_tight,llama-3.3-70b,95,55,95.0,75.0,85.91666666666667,61.333333333333336,edited,deepseek/deepseek-chat-v3-0324,0.0,-20.0
34c870742f78a73d,naive_tight,gemini-2.0-flash,85,65,85.0,55.0,85.91666666666667,61.333333333333336,edited,deepseek/deepseek-chat-v3-0324,0.0,10.0
34c870742f78a73d,naive_tight,llama-3.3-70b,95,65,95.0,75.0,85.91666666666667,61.333333333333336,edited,deepseek/deepseek-chat-v3-0324,0.0,-10.0
36c93c29270ab3f3,lit_informed_tight,gemini-2.0-flash,85,75,85.0,75.0,76.7,77.5,edited,deepseek/deepseek-chat-v3-0324,0.0,0.0
36c93c29270ab3f3,lit_informed_tight,llama-3.3-70b,95,85,90.0,68.0,76.7,77.5,edited,deepseek/deepseek-chat-v3-0324,5.0,17.0
36c93c29270ab3f3,naive_tight,gemini-2.0-flash,85,70,85.0,75.0,76.7,77.5,edited,deepseek/deepseek-chat-v3-0324,0.0,-5.0
36c93c29270ab3f3,naive_tight,llama-3.3-70b,95,65,90.0,68.0,76.7,77.5,edited,deepseek/deepseek-chat-v3-0324,5.0,-3.0
38553541f9faeb0d,lit_informed_tight,gemini-2.0-flash,85,55,68.0,55.0,80.44444444444444,60.333333333333336,edited,anthropic/claude-sonnet-4,17.0,0.0
38553541f9faeb0d,lit_informed_tight,llama-3.3-70b,90,65,85.0,60.0,80.44444444444444,60.333333333333336,edited,anthropic/claude-sonnet-4,5.0,5.0
38553541f9faeb0d,naive_tight,gemini-2.0-flash,85,55,68.0,55.0,80.44444444444444,60.333333333333336,edited,anthropic/claude-sonnet-4,17.0,0.0
38553541f9faeb0d,naive_tight,llama-3.3-70b,90,60,85.0,60.0,80.44444444444444,60.333333333333336,edited,anthropic/claude-sonnet-4,5.0,0.0
38a2a1578b783202,lit_informed_tight,gemini-2.0-flash,85,55,75.0,65.0,61.3,44.6,model,openai/chatgpt-4o-latest,10.0,-10.0
38a2a1578b783202,lit_informed_tight,llama-3.3-70b,90,80,90.0,55.0,61.3,44.6,model,openai/chatgpt-4o-latest,0.0,25.0
38a2a1578b783202,naive_tight,gemini-2.0-flash,85,65,75.0,65.0,61.3,44.6,model,openai/chatgpt-4o-latest,10.0,0.0
38a2a1578b783202,naive_tight,llama-3.3-70b,90,60,90.0,55.0,61.3,44.6,model,openai/chatgpt-4o-latest,0.0,5.0
39c9aabaa3691cdf,lit_informed_tight,gemini-2.0-flash,75,45,55.0,45.0,68.88888888888889,25.444444444444443,writer,,20.0,0.0
39c9aabaa3691cdf,lit_informed_tight,llama-3.3-70b,90,60,55.0,40.0,68.88888888888889,25.444444444444443,writer,,35.0,20.0
39c9aabaa3691cdf,naive_tight,gemini-2.0-flash,75,55,55.0,45.0,68.88888888888889,25.444444444444443,writer,,20.0,10.0
39c9aabaa3691cdf,naive_tight,llama-3.3-70b,90,50,55.0,40.0,68.88888888888889,25.444444444444443,writer,,35.0,10.0
3e038efd39410b53,lit_informed_tight,gemini-2.0-flash,85,75,85.0,70.0,79.36363636363636,61.36363636363637,model,anthropic/claude-sonnet-4,0.0,5.0
3e038efd39410b53,lit_informed_tight,llama-3.3-70b,90,81,95.0,81.0,79.36363636363636,61.36363636363637,model,anthropic/claude-sonnet-4,-5.0,0.0
3e038efd39410b53,naive_tight,gemini-2.0-flash,85,75,85.0,70.0,79.36363636363636,61.36363636363637,model,anthropic/claude-sonnet-4,0.0,5.0
3e038efd39410b53,naive_tight,llama-3.3-70b,95,85,95.0,81.0,79.36363636363636,61.36363636363637,model,anthropic/claude-sonnet-4,0.0,4.0
3ee198223817a252,lit_informed_tight,gemini-2.0-flash,85,65,85.0,65.0,83.44444444444444,68.44444444444444,model,anthropic/claude-sonnet-4,0.0,0.0
3ee198223817a252,lit_informed_tight,llama-3.3-70b,95,85,95.0,82.0,83.44444444444444,68.44444444444444,model,anthropic/claude-sonnet-4,0.0,3.0
3ee198223817a252,naive_tight,gemini-2.0-flash,90,70,85.0,65.0,83.44444444444444,68.44444444444444,model,anthropic/claude-sonnet-4,5.0,5.0
3ee198223817a252,naive_tight,llama-3.3-70b,95,78,95.0,82.0,83.44444444444444,68.44444444444444,model,anthropic/claude-sonnet-4,0.0,-4.0
42e41f7467e16003,lit_informed_tight,gemini-2.0-flash,85,70,65.0,55.0,58.9,50.1,model,openai/chatgpt-4o-latest,20.0,15.0
42e41f7467e16003,lit_informed_tight,llama-3.3-70b,90,73,70.0,60.0,58.9,50.1,model,openai/chatgpt-4o-latest,20.0,13.0
42e41f7467e16003,naive_tight,gemini-2.0-flash,72,65,65.0,55.0,58.9,50.1,model,openai/chatgpt-4o-latest,7.0,10.0
42e41f7467e16003,naive_tight,llama-3.3-70b,90,75,70.0,60.0,58.9,50.1,model,openai/chatgpt-4o-latest,20.0,15.0
48131b5315dfb00e,lit_informed_tight,gemini-2.0-flash,85,65,90.0,55.0,90.66666666666669,76.77777777777777,model,openai/chatgpt-4o-latest,-5.0,10.0
48131b5315dfb00e,lit_informed_tight,llama-3.3-70b,95,68,95.0,65.0,90.66666666666669,76.77777777777777,model,openai/chatgpt-4o-latest,0.0,3.0
48131b5315dfb00e,naive_tight,gemini-2.0-flash,90,65,90.0,55.0,90.66666666666669,76.77777777777777,model,openai/chatgpt-4o-latest,0.0,10.0
48131b5315dfb00e,naive_tight,llama-3.3-70b,95,61,95.0,65.0,90.66666666666669,76.77777777777777,model,openai/chatgpt-4o-latest,0.0,-4.0
4bca86b14c741ade,lit_informed_tight,gemini-2.0-flash,90,65,85.0,65.0,85.4,63.7,model,openai/chatgpt-4o-latest,5.0,0.0
4bca86b14c741ade,lit_informed_tight,llama-3.3-70b,90,55,90.0,55.0,85.4,63.7,model,openai/chatgpt-4o-latest,0.0,0.0
4bca86b14c741ade,naive_tight,gemini-2.0-flash,85,65,85.0,65.0,85.4,63.7,model,openai/chatgpt-4o-latest,0.0,0.0
4bca86b14c741ade,naive_tight,llama-3.3-70b,90,55,90.0,55.0,85.4,63.7,model,openai/chatgpt-4o-latest,0.0,0.0
4be7e877ca9e3d47,lit_informed_tight,gemini-2.0-flash,85,65,85.0,65.0,67.9,57.8,model,openai/chatgpt-4o-latest,0.0,0.0
4be7e877ca9e3d47,lit_informed_tight,llama-3.3-70b,90,80,90.0,70.0,67.9,57.8,model,openai/chatgpt-4o-latest,0.0,10.0
4be7e877ca9e3d47,naive_tight,gemini-2.0-flash,85,65,85.0,65.0,67.9,57.8,model,openai/chatgpt-4o-latest,0.0,0.0
4be7e877ca9e3d47,naive_tight,llama-3.3-70b,90,80,90.0,70.0,67.9,57.8,model,openai/chatgpt-4o-latest,0.0,10.0
4f5f9ecdc083eaab,lit_informed_tight,gemini-2.0-flash,75,65,75.0,70.0,71.25,62.833333333333336,model,deepseek/deepseek-chat-v3-0324,0.0,-5.0
4f5f9ecdc083eaab,lit_informed_tight,llama-3.3-70b,85,73,85.0,73.0,71.25,62.833333333333336,model,deepseek/deepseek-chat-v3-0324,0.0,0.0
4f5f9ecdc083eaab,naive_tight,gemini-2.0-flash,85,70,75.0,70.0,71.25,62.833333333333336,model,deepseek/deepseek-chat-v3-0324,10.0,0.0
4f5f9ecdc083eaab,naive_tight,llama-3.3-70b,90,80,85.0,73.0,71.25,62.833333333333336,model,deepseek/deepseek-chat-v3-0324,5.0,7.0
525eb53e6a381dff,lit_informed_tight,gemini-2.0-flash,75,55,68.0,55.0,65.7,35.0,writer,,7.0,0.0
525eb53e6a381dff,lit_informed_tight,llama-3.3-70b,90,68,,50.0,65.7,35.0,writer,,,18.0
525eb53e6a381dff,naive_tight,gemini-2.0-flash,75,65,68.0,55.0,65.7,35.0,writer,,7.0,10.0
525eb53e6a381dff,naive_tight,llama-3.3-70b,90,65,,50.0,65.7,35.0,writer,,,15.0
56e222895cca8876,lit_informed_tight,gemini-2.0-flash,90,65,75.0,65.0,79.18181818181819,80.81818181818181,writer,,15.0,0.0
56e222895cca8876,lit_informed_tight,llama-3.3-70b,98,70,85.0,80.0,79.18181818181819,80.81818181818181,writer,,13.0,-10.0
56e222895cca8876,naive_tight,gemini-2.0-flash,85,65,75.0,65.0,79.18181818181819,80.81818181818181,writer,,10.0,0.0
56e222895cca8876,naive_tight,llama-3.3-70b,95,85,85.0,80.0,79.18181818181819,80.81818181818181,writer,,10.0,5.0
5b1a59dd1d9b4792,lit_informed_tight,gemini-2.0-flash,85,55,90.0,55.0,83.0,53.0,model,anthropic/claude-sonnet-4,-5.0,0.0
5b1a59dd1d9b4792,lit_informed_tight,llama-3.3-70b,90,70,90.0,55.0,83.0,53.0,model,anthropic/claude-sonnet-4,0.0,15.0
5b1a59dd1d9b4792,naive_tight,gemini-2.0-flash,85,55,90.0,55.0,83.0,53.0,model,anthropic/claude-sonnet-4,-5.0,0.0
5b1a59dd1d9b4792,naive_tight,llama-3.3-70b,90,55,90.0,55.0,83.0,53.0,model,anthropic/claude-sonnet-4,0.0,0.0
615723e94db23a21,lit_informed_tight,gemini-2.0-flash,85,65,85.0,70.0,85.4,71.0,model,deepseek/deepseek-chat-v3-0324,0.0,-5.0
615723e94db23a21,lit_informed_tight,llama-3.3-70b,90,81,90.0,82.0,85.4,71.0,model,deepseek/deepseek-chat-v3-0324,0.0,-1.0
615723e94db23a21,naive_tight,gemini-2.0-flash,85,65,85.0,70.0,85.4,71.0,model,deepseek/deepseek-chat-v3-0324,0.0,-5.0
615723e94db23a21,naive_tight,llama-3.3-70b,95,80,90.0,82.0,85.4,71.0,model,deepseek/deepseek-chat-v3-0324,5.0,-2.0
6409a81d27eddbbd,lit_informed_tight,gemini-2.0-flash,85,70,85.0,70.0,85.6,53.5,model,deepseek/deepseek-chat-v3-0324,0.0,0.0
6409a81d27eddbbd,lit_informed_tight,llama-3.3-70b,90,80,90.0,65.0,85.6,53.5,model,deepseek/deepseek-chat-v3-0324,0.0,15.0
6409a81d27eddbbd,naive_tight,gemini-2.0-flash,85,65,85.0,70.0,85.6,53.5,model,deepseek/deepseek-chat-v3-0324,0.0,-5.0
6409a81d27eddbbd,naive_tight,llama-3.3-70b,90,65,90.0,65.0,85.6,53.5,model,deepseek/deepseek-chat-v3-0324,0.0,0.0
64fe2cfa1a9c325b,lit_informed_tight,gemini-2.0-flash,75,55,75.0,45.0,90.7,73.5,model,anthropic/claude-sonnet-4,0.0,10.0
64fe2cfa1a9c325b,lit_informed_tight,llama-3.3-70b,90,50,90.0,41.0,90.7,73.5,model,anthropic/claude-sonnet-4,0.0,9.0
64fe2cfa1a9c325b,naive_tight,gemini-2.0-flash,65,45,75.0,45.0,90.7,73.5,model,anthropic/claude-sonnet-4,-10.0,0.0
64fe2cfa1a9c325b,naive_tight,llama-3.3-70b,80,30,90.0,41.0,90.7,73.5,model,anthropic/claude-sonnet-4,-10.0,-11.0
6733d4d6ca76c4b4,lit_informed_tight,gemini-2.0-flash,85,75,85.0,55.0,86.0,42.0,model,deepseek/deepseek-chat-v3-0324,0.0,20.0
6733d4d6ca76c4b4,lit_informed_tight,llama-3.3-70b,90,82,90.0,65.0,86.0,42.0,model,deepseek/deepseek-chat-v3-0324,0.0,17.0
6733d4d6ca76c4b4,naive_tight,gemini-2.0-flash,85,70,85.0,55.0,86.0,42.0,model,deepseek/deepseek-chat-v3-0324,0.0,15.0
6733d4d6ca76c4b4,naive_tight,llama-3.3-70b,90,68,90.0,65.0,86.0,42.0,model,deepseek/deepseek-chat-v3-0324,0.0,3.0
69717cebd3d64b00,lit_informed_tight,gemini-2.0-flash,90,55,90.0,55.0,89.3,78.7,edited,openai/chatgpt-4o-latest,0.0,0.0
69717cebd3d64b00,lit_informed_tight,llama-3.3-70b,95,60,95.0,60.0,89.3,78.7,edited,openai/chatgpt-4o-latest,0.0,0.0
69717cebd3d64b00,naive_tight,gemini-2.0-flash,90,55,90.0,55.0,89.3,78.7,edited,openai/chatgpt-4o-latest,0.0,0.0
69717cebd3d64b00,naive_tight,llama-3.3-70b,95,60,95.0,60.0,89.3,78.7,edited,openai/chatgpt-4o-latest,0.0,0.0
6ae4a216764c6520,lit_informed_tight,gemini-2.0-flash,85,65,85.0,55.0,75.8,51.2,model,deepseek/deepseek-chat-v3-0324,0.0,10.0
6ae4a216764c6520,lit_informed_tight,llama-3.3-70b,90,80,95.0,80.0,75.8,51.2,model,deepseek/deepseek-chat-v3-0324,-5.0,0.0
6ae4a216764c6520,naive_tight,gemini-2.0-flash,85,65,85.0,55.0,75.8,51.2,model,deepseek/deepseek-chat-v3-0324,0.0,10.0
6ae4a216764c6520,naive_tight,llama-3.3-70b,90,68,95.0,80.0,75.8,51.2,model,deepseek/deepseek-chat-v3-0324,-5.0,-12.0
6bb3c2abdc1ee9d1,lit_informed_tight,gemini-2.0-flash,85,55,75.0,45.0,64.44444444444444,46.55555555555556,model,openai/chatgpt-4o-latest,10.0,10.0
6bb3c2abdc1ee9d1,lit_informed_tight,llama-3.3-70b,90,60,85.0,58.0,64.44444444444444,46.55555555555556,model,openai/chatgpt-4o-latest,5.0,2.0
6bb3c2abdc1ee9d1,naive_tight,gemini-2.0-flash,75,65,75.0,45.0,64.44444444444444,46.55555555555556,model,openai/chatgpt-4o-latest,0.0,20.0
6bb3c2abdc1ee9d1,naive_tight,llama-3.3-70b,90,73,85.0,58.0,64.44444444444444,46.55555555555556,model,openai/chatgpt-4o-latest,5.0,15.0
6cc42c2f02edbd00,lit_informed_tight,gemini-2.0-flash,85,75,68.0,65.0,89.3,81.2,edited,deepseek/deepseek-chat-v3-0324,17.0,10.0
6cc42c2f02edbd00,lit_informed_tight,llama-3.3-70b,90,78,78.0,68.0,89.3,81.2,edited,deepseek/deepseek-chat-v3-0324,12.0,10.0
6cc42c2f02edbd00,naive_tight,gemini-2.0-flash,85,70,68.0,65.0,89.3,81.2,edited,deepseek/deepseek-chat-v3-0324,17.0,5.0
6cc42c2f02edbd00,naive_tight,llama-3.3-70b,90,73,78.0,68.0,89.3,81.2,edited,deepseek/deepseek-chat-v3-0324,12.0,5.0
6e09710086db9df2,lit_informed_tight,gemini-2.0-flash,85,75,75.0,70.0,85.2,67.7,model,deepseek/deepseek-chat-v3-0324,10.0,5.0
6e09710086db9df2,lit_informed_tight,llama-3.3-70b,90,78,95.0,78.0,85.2,67.7,model,deepseek/deepseek-chat-v3-0324,-5.0,0.0
6e09710086db9df2,naive_tight,gemini-2.0-flash,85,65,75.0,70.0,85.2,67.7,model,deepseek/deepseek-chat-v3-0324,10.0,-5.0
6e09710086db9df2,naive_tight,llama-3.3-70b,95,77,95.0,78.0,85.2,67.7,model,deepseek/deepseek-chat-v3-0324,0.0,-1.0
6f87a80d0598346a,lit_informed_tight,gemini-2.0-flash,85,65,72.0,55.0,43.8,48.6,model,anthropic/claude-sonnet-4,13.0,10.0
6f87a80d0598346a,lit_informed_tight,llama-3.3-70b,90,73,85.0,41.0,43.8,48.6,model,anthropic/claude-sonnet-4,5.0,32.0
6f87a80d0598346a,naive_tight,gemini-2.0-flash,75,55,72.0,55.0,43.8,48.6,model,anthropic/claude-sonnet-4,3.0,0.0
6f87a80d0598346a,naive_tight,llama-3.3-70b,85,41,85.0,41.0,43.8,48.6,model,anthropic/claude-sonnet-4,0.0,0.0
7095e819facada4e,lit_informed_tight,gemini-2.0-flash,85,55,72.0,55.0,80.1,65.5,model,anthropic/claude-sonnet-4,13.0,0.0
7095e819facada4e,lit_informed_tight,llama-3.3-70b,90,60,90.0,60.0,80.1,65.5,model,anthropic/claude-sonnet-4,0.0,0.0
7095e819facada4e,naive_tight,gemini-2.0-flash,72,55,72.0,55.0,80.1,65.5,model,anthropic/claude-sonnet-4,0.0,0.0
7095e819facada4e,naive_tight,llama-3.3-70b,90,41,90.0,60.0,80.1,65.5,model,anthropic/claude-sonnet-4,0.0,-19.0
73b7fb30a6f7422b,lit_informed_tight,gemini-2.0-flash,85,75,85.0,65.0,84.0,55.5,model,openai/chatgpt-4o-latest,0.0,10.0
73b7fb30a6f7422b,lit_informed_tight,llama-3.3-70b,90,90,95.0,80.0,84.0,55.5,model,openai/chatgpt-4o-latest,-5.0,10.0
73b7fb30a6f7422b,naive_tight,gemini-2.0-flash,85,55,85.0,65.0,84.0,55.5,model,openai/chatgpt-4o-latest,0.0,-10.0
73b7fb30a6f7422b,naive_tight,llama-3.3-70b,95,85,95.0,80.0,84.0,55.5,model,openai/chatgpt-4o-latest,0.0,5.0
74a9f7c2ec8e9995,lit_informed_tight,gemini-2.0-flash,85,70,85.0,65.0,72.7,60.9,model,anthropic/claude-sonnet-4,0.0,5.0
74a9f7c2ec8e9995,lit_informed_tight,llama-3.3-70b,90,81,90.0,82.0,72.7,60.9,model,anthropic/claude-sonnet-4,0.0,-1.0
74a9f7c2ec8e9995,naive_tight,gemini-2.0-flash,85,65,85.0,65.0,72.7,60.9,model,anthropic/claude-sonnet-4,0.0,0.0
74a9f7c2ec8e9995,naive_tight,llama-3.3-70b,90,73,90.0,82.0,72.7,60.9,model,anthropic/claude-sonnet-4,0.0,-9.0
7577ee8ce1628a86,lit_informed_tight,gemini-2.0-flash,85,55,75.0,45.0,88.11111111111111,75.11111111111111,model,anthropic/claude-sonnet-4,10.0,10.0
7577ee8ce1628a86,lit_informed_tight,llama-3.3-70b,90,78,90.0,78.0,88.11111111111111,75.11111111111111,model,anthropic/claude-sonnet-4,0.0,0.0
7577ee8ce1628a86,naive_tight,gemini-2.0-flash,85,55,75.0,45.0,88.11111111111111,75.11111111111111,model,anthropic/claude-sonnet-4,10.0,10.0
7577ee8ce1628a86,naive_tight,llama-3.3-70b,90,65,90.0,78.0,88.11111111111111,75.11111111111111,model,anthropic/claude-sonnet-4,0.0,-13.0
78016acbd843c47b,lit_informed_tight,gemini-2.0-flash,85,65,85.0,65.0,89.63636363636364,68.81818181818181,model,deepseek/deepseek-chat-v3-0324,0.0,0.0
78016acbd843c47b,lit_informed_tight,llama-3.3-70b,90,68,90.0,78.0,89.63636363636364,68.81818181818181,model,deepseek/deepseek-chat-v3-0324,0.0,-10.0
78016acbd843c47b,naive_tight,gemini-2.0-flash,85,65,85.0,65.0,89.63636363636364,68.81818181818181,model,deepseek/deepseek-chat-v3-0324,0.0,0.0
78016acbd843c47b,naive_tight,llama-3.3-70b,90,78,90.0,78.0,89.63636363636364,68.81818181818181,model,deepseek/deepseek-chat-v3-0324,0.0,0.0
78019e891236dfd9,lit_informed_tight,gemini-2.0-flash,90,55,55.0,30.0,78.33333333333333,57.22222222222222,writer,,35.0,25.0
78019e891236dfd9,lit_informed_tight,llama-3.3-70b,95,40,55.0,20.0,78.33333333333333,57.22222222222222,writer,,40.0,20.0
78019e891236dfd9,naive_tight,gemini-2.0-flash,85,45,55.0,30.0,78.33333333333333,57.22222222222222,writer,,30.0,15.0
78019e891236dfd9,naive_tight,llama-3.3-70b,90,30,55.0,20.0,78.33333333333333,57.22222222222222,writer,,35.0,10.0
785f402aca89fd9c,lit_informed_tight,gemini-2.0-flash,75,65,55.0,55.0,66.11111111111111,47.11111111111112,writer,,20.0,10.0
785f402aca89fd9c,lit_informed_tight,llama-3.3-70b,90,78,58.0,61.0,66.11111111111111,47.11111111111112,writer,,32.0,17.0
785f402aca89fd9c,naive_tight,gemini-2.0-flash,75,65,55.0,55.0,66.11111111111111,47.11111111111112,writer,,20.0,10.0
785f402aca89fd9c,naive_tight,llama-3.3-70b,85,70,58.0,61.0,66.11111111111111,47.11111111111112,writer,,27.0,9.0
7cdc5073abd8853d,lit_informed_tight,gemini-2.0-flash,85,45,85.0,45.0,80.22222222222223,47.55555555555556,edited,deepseek/deepseek-chat-v3-0324,0.0,0.0
7cdc5073abd8853d,lit_informed_tight,llama-3.3-70b,90,68,90.0,40.0,80.22222222222223,47.55555555555556,edited,deepseek/deepseek-chat-v3-0324,0.0,28.0
7cdc5073abd8853d,naive_tight,gemini-2.0-flash,85,55,85.0,45.0,80.22222222222223,47.55555555555556,edited,deepseek/deepseek-chat-v3-0324,0.0,10.0
7cdc5073abd8853d,naive_tight,llama-3.3-70b,85,55,90.0,40.0,80.22222222222223,47.55555555555556,edited,deepseek/deepseek-chat-v3-0324,-5.0,15.0
7db325703f7f50c5,lit_informed_tight,gemini-2.0-flash,85,35,90.0,30.0,85.0,41.888888888888886,edited,openai/chatgpt-4o-latest,-5.0,5.0
7db325703f7f50c5,lit_informed_tight,llama-3.3-70b,95,30,95.0,30.0,85.0,41.888888888888886,edited,openai/chatgpt-4o-latest,0.0,0.0
7db325703f7f50c5,naive_tight,gemini-2.0-flash,90,35,90.0,30.0,85.0,41.888888888888886,edited,openai/chatgpt-4o-latest,0.0,5.0
7db325703f7f50c5,naive_tight,llama-3.3-70b,95,40,95.0,30.0,85.0,41.888888888888886,edited,openai/chatgpt-4o-latest,0.0,10.0
7ea00af60e5888aa,lit_informed_tight,gemini-2.0-flash,85,65,65.0,70.0,82.33333333333333,68.22222222222223,writer,,20.0,-5.0
7ea00af60e5888aa,lit_informed_tight,llama-3.3-70b,90,82,75.0,73.0,82.33333333333333,68.22222222222223,writer,,15.0,9.0
7ea00af60e5888aa,naive_tight,gemini-2.0-flash,85,75,65.0,70.0,82.33333333333333,68.22222222222223,writer,,20.0,5.0
7ea00af60e5888aa,naive_tight,llama-3.3-70b,95,85,75.0,73.0,82.33333333333333,68.22222222222223,writer,,20.0,12.0
81b1a5180a515125,lit_informed_tight,gemini-2.0-flash,85,75,75.0,55.0,46.4,40.6,model,openai/chatgpt-4o-latest,10.0,20.0
81b1a5180a515125,lit_informed_tight,llama-3.3-70b,90,68,78.0,40.0,46.4,40.6,model,openai/chatgpt-4o-latest,12.0,28.0
81b1a5180a515125,naive_tight,gemini-2.0-flash,75,55,75.0,55.0,46.4,40.6,model,openai/chatgpt-4o-latest,0.0,0.0
81b1a5180a515125,naive_tight,llama-3.3-70b,85,40,78.0,40.0,46.4,40.6,model,openai/chatgpt-4o-latest,7.0,0.0
83feae4bde90086b,lit_informed_tight,gemini-2.0-flash,85,70,85.0,70.0,85.9,63.3,model,deepseek/deepseek-chat-v3-0324,0.0,0.0
83feae4bde90086b,lit_informed_tight,llama-3.3-70b,95,81,95.0,81.0,85.9,63.3,model,deepseek/deepseek-chat-v3-0324,0.0,0.0
83feae4bde90086b,naive_tight,gemini-2.0-flash,85,65,85.0,70.0,85.9,63.3,model,deepseek/deepseek-chat-v3-0324,0.0,-5.0
83feae4bde90086b,naive_tight,llama-3.3-70b,95,81,95.0,81.0,85.9,63.3,model,deepseek/deepseek-chat-v3-0324,0.0,0.0
863091fb20084275,lit_informed_tight,gemini-2.0-flash,85,55,85.0,55.0,86.45454545454545,70.9090909090909,model,anthropic/claude-sonnet-4,0.0,0.0
863091fb20084275,lit_informed_tight,llama-3.3-70b,95,75,95.0,80.0,86.45454545454545,70.9090909090909,model,anthropic/claude-sonnet-4,0.0,-5.0
863091fb20084275,naive_tight,gemini-2.0-flash,85,55,85.0,55.0,86.45454545454545,70.9090909090909,model,anthropic/claude-sonnet-4,0.0,0.0
863091fb20084275,naive_tight,llama-3.3-70b,95,80,95.0,80.0,86.45454545454545,70.9090909090909,model,anthropic/claude-sonnet-4,0.0,0.0
86bf9e5a6cd627a6,lit_informed_tight,gemini-2.0-flash,85,75,85.0,55.0,87.72727272727273,78.27272727272727,model,openai/chatgpt-4o-latest,0.0,20.0
86bf9e5a6cd627a6,lit_informed_tight,llama-3.3-70b,95,80,90.0,73.0,87.72727272727273,78.27272727272727,model,openai/chatgpt-4o-latest,5.0,7.0
86bf9e5a6cd627a6,naive_tight,gemini-2.0-flash,85,75,85.0,55.0,87.72727272727273,78.27272727272727,model,openai/chatgpt-4o-latest,0.0,20.0
86bf9e5a6cd627a6,naive_tight,llama-3.3-70b,95,80,90.0,73.0,87.72727272727273,78.27272727272727,model,openai/chatgpt-4o-latest,5.0,7.0
889e242ff240d38b,lit_informed_tight,gemini-2.0-flash,85,65,85.0,75.0,84.8,70.7,model,anthropic/claude-sonnet-4,0.0,-10.0
889e242ff240d38b,lit_informed_tight,llama-3.3-70b,95,81,95.0,85.0,84.8,70.7,model,anthropic/claude-sonnet-4,0.0,-4.0
889e242ff240d38b,naive_tight,gemini-2.0-flash,85,75,85.0,75.0,84.8,70.7,model,anthropic/claude-sonnet-4,0.0,0.0
889e242ff240d38b,naive_tight,llama-3.3-70b,95,80,95.0,85.0,84.8,70.7,model,anthropic/claude-sonnet-4,0.0,-5.0
89e36af735144e23,lit_informed_tight,gemini-2.0-flash,85,75,85.0,65.0,88.0909090909091,72.0909090909091,edited,openai/chatgpt-4o-latest,0.0,10.0
89e36af735144e23,lit_informed_tight,llama-3.3-70b,95,85,95.0,81.0,88.0909090909091,72.0909090909091,edited,openai/chatgpt-4o-latest,0.0,4.0
89e36af735144e23,naive_tight,gemini-2.0-flash,90,75,85.0,65.0,88.0909090909091,72.0909090909091,edited,openai/chatgpt-4o-latest,5.0,10.0
89e36af735144e23,naive_tight,llama-3.3-70b,95,90,95.0,81.0,88.0909090909091,72.0909090909091,edited,openai/chatgpt-4o-latest,0.0,9.0
89e80788d130a738,lit_informed_tight,gemini-2.0-flash,85,65,55.0,55.0,66.66666666666667,28.666666666666668,writer,,30.0,10.0
89e80788d130a738,lit_informed_tight,llama-3.3-70b,90,73,65.0,41.0,66.66666666666667,28.666666666666668,writer,,25.0,32.0
89e80788d130a738,naive_tight,gemini-2.0-flash,85,65,55.0,55.0,66.66666666666667,28.666666666666668,writer,,30.0,10.0
89e80788d130a738,naive_tight,llama-3.3-70b,90,58,65.0,41.0,66.66666666666667,28.666666666666668,writer,,25.0,17.0
8b7bfa403878417d,lit_informed_tight,gemini-2.0-flash,85,65,85.0,35.0,87.9,69.8,model,deepseek/deepseek-chat-v3-0324,0.0,30.0
8b7bfa403878417d,lit_informed_tight,llama-3.3-70b,95,81,95.0,40.0,87.9,69.8,model,deepseek/deepseek-chat-v3-0324,0.0,41.0
8b7bfa403878417d,naive_tight,gemini-2.0-flash,85,45,85.0,35.0,87.9,69.8,model,deepseek/deepseek-chat-v3-0324,0.0,10.0
8b7bfa403878417d,naive_tight,llama-3.3-70b,98,50,95.0,40.0,87.9,69.8,model,deepseek/deepseek-chat-v3-0324,3.0,10.0
8db1935f44e66178,lit_informed_tight,gemini-2.0-flash,75,55,55.0,45.0,57.1,44.2,model,openai/chatgpt-4o-latest,20.0,10.0
8db1935f44e66178,lit_informed_tight,llama-3.3-70b,90,80,55.0,40.0,57.1,44.2,model,openai/chatgpt-4o-latest,35.0,40.0
8db1935f44e66178,naive_tight,gemini-2.0-flash,65,55,55.0,45.0,57.1,44.2,model,openai/chatgpt-4o-latest,10.0,10.0
8db1935f44e66178,naive_tight,llama-3.3-70b,85,60,55.0,40.0,57.1,44.2,model,openai/chatgpt-4o-latest,30.0,20.0
929a516ce2503291,lit_informed_tight,gemini-2.0-flash,90,55,85.0,55.0,77.0,57.888888888888886,model,openai/chatgpt-4o-latest,5.0,0.0
929a516ce2503291,lit_informed_tight,llama-3.3-70b,95,60,95.0,60.0,77.0,57.888888888888886,model,openai/chatgpt-4o-latest,0.0,0.0
929a516ce2503291,naive_tight,gemini-2.0-flash,85,55,85.0,55.0,77.0,57.888888888888886,model,openai/chatgpt-4o-latest,0.0,0.0
929a516ce2503291,naive_tight,llama-3.3-70b,95,60,95.0,60.0,77.0,57.888888888888886,model,openai/chatgpt-4o-latest,0.0,0.0
92c1f6a8c5431da1,lit_informed_tight,gemini-2.0-flash,85,65,65.0,55.0,72.33333333333333,52.0,model,anthropic/claude-sonnet-4,20.0,10.0
92c1f6a8c5431da1,lit_informed_tight,llama-3.3-70b,90,75,65.0,60.0,72.33333333333333,52.0,model,anthropic/claude-sonnet-4,25.0,15.0
92c1f6a8c5431da1,naive_tight,gemini-2.0-flash,85,55,65.0,55.0,72.33333333333333,52.0,model,anthropic/claude-sonnet-4,20.0,0.0
92c1f6a8c5431da1,naive_tight,llama-3.3-70b,90,65,65.0,60.0,72.33333333333333,52.0,model,anthropic/claude-sonnet-4,25.0,5.0
97b87b3ab42b403a,lit_informed_tight,gemini-2.0-flash,85,55,72.0,55.0,82.4,46.6,model,anthropic/claude-sonnet-4,13.0,0.0
97b87b3ab42b403a,lit_informed_tight,llama-3.3-70b,90,41,70.0,60.0,82.4,46.6,model,anthropic/claude-sonnet-4,20.0,-19.0
97b87b3ab42b403a,naive_tight,gemini-2.0-flash,85,55,72.0,55.0,82.4,46.6,model,anthropic/claude-sonnet-4,13.0,0.0
97b87b3ab42b403a,naive_tight,llama-3.3-70b,90,40,70.0,60.0,82.4,46.6,model,anthropic/claude-sonnet-4,20.0,-20.0
98bea07985b4d1b5,lit_informed_tight,gemini-2.0-flash,75,65,75.0,55.0,60.09090909090909,66.72727272727273,model,deepseek/deepseek-chat-v3-0324,0.0,10.0
98bea07985b4d1b5,lit_informed_tight,llama-3.3-70b,90,81,90.0,65.0,60.09090909090909,66.72727272727273,model,deepseek/deepseek-chat-v3-0324,0.0,16.0
98bea07985b4d1b5,naive_tight,gemini-2.0-flash,75,55,75.0,55.0,60.09090909090909,66.72727272727273,model,deepseek/deepseek-chat-v3-0324,0.0,0.0
98bea07985b4d1b5,naive_tight,llama-3.3-70b,90,80,90.0,65.0,60.09090909090909,66.72727272727273,model,deepseek/deepseek-chat-v3-0324,0.0,15.0
9c62f807c3c1c798,lit_informed_tight,gemini-2.0-flash,85,75,85.0,75.0,70.58333333333333,72.0,model,deepseek/deepseek-chat-v3-0324,0.0,0.0
9c62f807c3c1c798,lit_informed_tight,llama-3.3-70b,95,80,95.0,80.0,70.58333333333333,72.0,model,deepseek/deepseek-chat-v3-0324,0.0,0.0
9c62f807c3c1c798,naive_tight,gemini-2.0-flash,85,65,85.0,75.0,70.58333333333333,72.0,model,deepseek/deepseek-chat-v3-0324,0.0,-10.0
9c62f807c3c1c798,naive_tight,llama-3.3-70b,96,70,95.0,80.0,70.58333333333333,72.0,model,deepseek/deepseek-chat-v3-0324,1.0,-10.0
a3e97d0096137326,lit_informed_tight,gemini-2.0-flash,85,65,85.0,55.0,81.08333333333333,72.33333333333333,edited,openai/chatgpt-4o-latest,0.0,10.0
a3e97d0096137326,lit_informed_tight,llama-3.3-70b,90,70,90.0,50.0,81.08333333333333,72.33333333333333,edited,openai/chatgpt-4o-latest,0.0,20.0
a3e97d0096137326,naive_tight,gemini-2.0-flash,85,65,85.0,55.0,81.08333333333333,72.33333333333333,edited,openai/chatgpt-4o-latest,0.0,10.0
a3e97d0096137326,naive_tight,llama-3.3-70b,90,73,90.0,50.0,81.08333333333333,72.33333333333333,edited,openai/chatgpt-4o-latest,0.0,23.0
a6dc02edeaa5fb04,lit_informed_tight,gemini-2.0-flash,72,45,68.0,30.0,60.9,35.7,writer,,4.0,15.0
a6dc02edeaa5fb04,lit_informed_tight,llama-3.3-70b,90,60,90.0,40.0,60.9,35.7,writer,,0.0,20.0
a6dc02edeaa5fb04,naive_tight,gemini-2.0-flash,85,45,68.0,30.0,60.9,35.7,writer,,17.0,15.0
a6dc02edeaa5fb04,naive_tight,llama-3.3-70b,90,41,90.0,40.0,60.9,35.7,writer,,0.0,1.0
a74f03dcc3218817,lit_informed_tight,gemini-2.0-flash,85,55,85.0,55.0,90.11111111111111,68.22222222222223,model,deepseek/deepseek-chat-v3-0324,0.0,0.0
a74f03dcc3218817,lit_informed_tight,llama-3.3-70b,90,78,95.0,65.0,90.11111111111111,68.22222222222223,model,deepseek/deepseek-chat-v3-0324,-5.0,13.0
a74f03dcc3218817,naive_tight,gemini-2.0-flash,85,55,85.0,55.0,90.11111111111111,68.22222222222223,model,deepseek/deepseek-chat-v3-0324,0.0,0.0
a74f03dcc3218817,naive_tight,llama-3.3-70b,95,65,95.0,65.0,90.11111111111111,68.22222222222223,model,deepseek/deepseek-chat-v3-0324,0.0,0.0
aa1fd2474aa46b33,lit_informed_tight,gemini-2.0-flash,85,75,85.0,65.0,82.88888888888889,58.333333333333336,model,openai/chatgpt-4o-latest,0.0,10.0
aa1fd2474aa46b33,lit_informed_tight,llama-3.3-70b,95,82,95.0,81.0,82.88888888888889,58.333333333333336,model,openai/chatgpt-4o-latest,0.0,1.0
aa1fd2474aa46b33,naive_tight,gemini-2.0-flash,85,70,85.0,65.0,82.88888888888889,58.333333333333336,model,openai/chatgpt-4o-latest,0.0,5.0
aa1fd2474aa46b33,naive_tight,llama-3.3-70b,95,81,95.0,81.0,82.88888888888889,58.333333333333336,model,openai/chatgpt-4o-latest,0.0,0.0
afa001a6b6c98a1d,lit_informed_tight,gemini-2.0-flash,85,65,90.0,55.0,91.0,43.41666666666666,model,deepseek/deepseek-chat-v3-0324,-5.0,10.0
afa001a6b6c98a1d,lit_informed_tight,llama-3.3-70b,90,55,90.0,55.0,91.0,43.41666666666666,model,deepseek/deepseek-chat-v3-0324,0.0,0.0
afa001a6b6c98a1d,naive_tight,gemini-2.0-flash,85,55,90.0,55.0,91.0,43.41666666666666,model,deepseek/deepseek-chat-v3-0324,-5.0,0.0
afa001a6b6c98a1d,naive_tight,llama-3.3-70b,90,41,90.0,55.0,91.0,43.41666666666666,model,deepseek/deepseek-chat-v3-0324,0.0,-14.0
b3d2a4f68d35a2d9,lit_informed_tight,gemini-2.0-flash,85,75,75.0,65.0,91.2,66.0,edited,anthropic/claude-sonnet-4,10.0,10.0
b3d2a4f68d35a2d9,lit_informed_tight,llama-3.3-70b,90,85,90.0,90.0,91.2,66.0,edited,anthropic/claude-sonnet-4,0.0,-5.0
b3d2a4f68d35a2d9,naive_tight,gemini-2.0-flash,85,75,75.0,65.0,91.2,66.0,edited,anthropic/claude-sonnet-4,10.0,10.0
b3d2a4f68d35a2d9,naive_tight,llama-3.3-70b,95,90,90.0,90.0,91.2,66.0,edited,anthropic/claude-sonnet-4,5.0,0.0
b687d06d668159ba,lit_informed_tight,gemini-2.0-flash,90,45,85.0,55.0,86.8,59.3,edited,deepseek/deepseek-chat-v3-0324,5.0,-10.0
b687d06d668159ba,lit_informed_tight,llama-3.3-70b,90,40,90.0,40.0,86.8,59.3,edited,deepseek/deepseek-chat-v3-0324,0.0,0.0
b687d06d668159ba,naive_tight,gemini-2.0-flash,85,35,85.0,55.0,86.8,59.3,edited,deepseek/deepseek-chat-v3-0324,0.0,-20.0
b687d06d668159ba,naive_tight,llama-3.3-70b,90,40,90.0,40.0,86.8,59.3,edited,deepseek/deepseek-chat-v3-0324,0.0,0.0
b72ca9812ae25b42,lit_informed_tight,gemini-2.0-flash,85,75,85.0,75.0,91.9090909090909,75.9090909090909,model,openai/chatgpt-4o-latest,0.0,0.0
b72ca9812ae25b42,lit_informed_tight,llama-3.3-70b,95,90,95.0,80.0,91.9090909090909,75.9090909090909,model,openai/chatgpt-4o-latest,0.0,10.0
b72ca9812ae25b42,naive_tight,gemini-2.0-flash,85,65,85.0,75.0,91.9090909090909,75.9090909090909,model,openai/chatgpt-4o-latest,0.0,-10.0
b72ca9812ae25b42,naive_tight,llama-3.3-70b,95,81,95.0,80.0,91.9090909090909,75.9090909090909,model,openai/chatgpt-4o-latest,0.0,1.0
b93be662490b5075,lit_informed_tight,gemini-2.0-flash,85,75,75.0,65.0,79.7,59.2,model,openai/chatgpt-4o-latest,10.0,10.0
b93be662490b5075,lit_informed_tight,llama-3.3-70b,90,80,90.0,70.0,79.7,59.2,model,openai/chatgpt-4o-latest,0.0,10.0
b93be662490b5075,naive_tight,gemini-2.0-flash,85,70,75.0,65.0,79.7,59.2,model,openai/chatgpt-4o-latest,10.0,5.0
b93be662490b5075,naive_tight,llama-3.3-70b,90,80,90.0,70.0,79.7,59.2,model,openai/chatgpt-4o-latest,0.0,10.0
bdccf92dd6935359,lit_informed_tight,gemini-2.0-flash,85,75,55.0,65.0,86.9,63.6,writer,,30.0,10.0
bdccf92dd6935359,lit_informed_tight,llama-3.3-70b,95,90,65.0,70.0,86.9,63.6,writer,,30.0,20.0
bdccf92dd6935359,naive_tight,gemini-2.0-flash,85,65,55.0,65.0,86.9,63.6,writer,,30.0,0.0
bdccf92dd6935359,naive_tight,llama-3.3-70b,95,81,65.0,70.0,86.9,63.6,writer,,30.0,11.0
bedc0a6a0ec03ed0,lit_informed_tight,gemini-2.0-flash,85,50,55.0,35.0,61.083333333333336,34.333333333333336,writer,,30.0,15.0
bedc0a6a0ec03ed0,lit_informed_tight,llama-3.3-70b,90,50,55.0,30.0,61.083333333333336,34.333333333333336,writer,,35.0,20.0
bedc0a6a0ec03ed0,naive_tight,gemini-2.0-flash,85,45,55.0,35.0,61.083333333333336,34.333333333333336,writer,,30.0,10.0
bedc0a6a0ec03ed0,naive_tight,llama-3.3-70b,90,50,55.0,30.0,61.083333333333336,34.333333333333336,writer,,35.0,20.0
bef9bf3d329cffa0,lit_informed_tight,gemini-2.0-flash,85,75,65.0,65.0,78.66666666666667,49.66666666666666,writer,,20.0,10.0
bef9bf3d329cffa0,lit_informed_tight,llama-3.3-70b,90,80,77.0,81.0,78.66666666666667,49.66666666666666,writer,,13.0,-1.0
bef9bf3d329cffa0,naive_tight,gemini-2.0-flash,85,75,65.0,65.0,78.66666666666667,49.66666666666666,writer,,20.0,10.0
bef9bf3d329cffa0,naive_tight,llama-3.3-70b,90,90,77.0,81.0,78.66666666666667,49.66666666666666,writer,,13.0,9.0
bfd5a54227b0337d,lit_informed_tight,gemini-2.0-flash,85,55,75.0,65.0,61.41666666666666,62.75,model,anthropic/claude-sonnet-4,10.0,-10.0
bfd5a54227b0337d,lit_informed_tight,llama-3.3-70b,90,81,90.0,60.0,61.41666666666666,62.75,model,anthropic/claude-sonnet-4,0.0,21.0
bfd5a54227b0337d,naive_tight,gemini-2.0-flash,85,65,75.0,65.0,61.41666666666666,62.75,model,anthropic/claude-sonnet-4,10.0,0.0
bfd5a54227b0337d,naive_tight,llama-3.3-70b,90,80,90.0,60.0,61.41666666666666,62.75,model,anthropic/claude-sonnet-4,0.0,20.0
c31d66e369629325,lit_informed_tight,gemini-2.0-flash,90,65,85.0,75.0,90.2,64.3,model,anthropic/claude-sonnet-4,5.0,-10.0
c31d66e369629325,lit_informed_tight,llama-3.3-70b,90,90,95.0,85.0,90.2,64.3,model,anthropic/claude-sonnet-4,-5.0,5.0
c31d66e369629325,naive_tight,gemini-2.0-flash,85,70,85.0,75.0,90.2,64.3,model,anthropic/claude-sonnet-4,0.0,-5.0
c31d66e369629325,naive_tight,llama-3.3-70b,95,81,95.0,85.0,90.2,64.3,model,anthropic/claude-sonnet-4,0.0,-4.0
c3aa79ebde0510f0,lit_informed_tight,gemini-2.0-flash,90,55,85.0,55.0,95.77777777777776,74.44444444444444,edited,openai/chatgpt-4o-latest,5.0,0.0
c3aa79ebde0510f0,lit_informed_tight,llama-3.3-70b,95,40,95.0,40.0,95.77777777777776,74.44444444444444,edited,openai/chatgpt-4o-latest,0.0,0.0
c3aa79ebde0510f0,naive_tight,gemini-2.0-flash,90,55,85.0,55.0,95.77777777777776,74.44444444444444,edited,openai/chatgpt-4o-latest,5.0,0.0
c3aa79ebde0510f0,naive_tight,llama-3.3-70b,95,40,95.0,40.0,95.77777777777776,74.44444444444444,edited,openai/chatgpt-4o-latest,0.0,0.0
c3e22d0152080e15,lit_informed_tight,gemini-2.0-flash,75,65,75.0,55.0,76.8,63.6,model,openai/chatgpt-4o-latest,0.0,10.0
c3e22d0152080e15,lit_informed_tight,llama-3.3-70b,90,77,95.0,60.0,76.8,63.6,model,openai/chatgpt-4o-latest,-5.0,17.0
c3e22d0152080e15,naive_tight,gemini-2.0-flash,68,55,75.0,55.0,76.8,63.6,model,openai/chatgpt-4o-latest,-7.0,0.0
c3e22d0152080e15,naive_tight,llama-3.3-70b,90,65,95.0,60.0,76.8,63.6,model,openai/chatgpt-4o-latest,-5.0,5.0
c54a9e6d6cf85712,lit_informed_tight,gemini-2.0-flash,90,75,85.0,55.0,92.3,73.8,model,anthropic/claude-sonnet-4,5.0,20.0
c54a9e6d6cf85712,lit_informed_tight,llama-3.3-70b,95,90,96.0,70.0,92.3,73.8,model,anthropic/claude-sonnet-4,-1.0,20.0
c54a9e6d6cf85712,naive_tight,gemini-2.0-flash,90,75,85.0,55.0,92.3,73.8,model,anthropic/claude-sonnet-4,5.0,20.0
c54a9e6d6cf85712,naive_tight,llama-3.3-70b,95,70,96.0,70.0,92.3,73.8,model,anthropic/claude-sonnet-4,-1.0,0.0
cd35ed2d33f6a2b1,lit_informed_tight,gemini-2.0-flash,85,75,48.0,55.0,66.7,51.3,writer,,37.0,20.0
cd35ed2d33f6a2b1,lit_informed_tight,llama-3.3-70b,90,90,30.0,55.0,66.7,51.3,writer,,60.0,35.0
cd35ed2d33f6a2b1,naive_tight,gemini-2.0-flash,75,75,48.0,55.0,66.7,51.3,writer,,27.0,20.0
cd35ed2d33f6a2b1,naive_tight,llama-3.3-70b,90,81,30.0,55.0,66.7,51.3,writer,,60.0,26.0
d02f0c3591344ac1,lit_informed_tight,gemini-2.0-flash,85,65,85.0,25.0,62.6,20.7,model,deepseek/deepseek-chat-v3-0324,0.0,40.0
d02f0c3591344ac1,lit_informed_tight,llama-3.3-70b,95,85,90.0,0.0,62.6,20.7,model,deepseek/deepseek-chat-v3-0324,5.0,85.0
d02f0c3591344ac1,naive_tight,gemini-2.0-flash,85,50,85.0,25.0,62.6,20.7,model,deepseek/deepseek-chat-v3-0324,0.0,25.0
d02f0c3591344ac1,naive_tight,llama-3.3-70b,90,40,90.0,0.0,62.6,20.7,model,deepseek/deepseek-chat-v3-0324,0.0,40.0
d27dbad85632ded1,lit_informed_tight,gemini-2.0-flash,85,55,85.0,45.0,83.7,61.9,model,openai/chatgpt-4o-latest,0.0,10.0
d27dbad85632ded1,lit_informed_tight,llama-3.3-70b,95,80,95.0,55.0,83.7,61.9,model,openai/chatgpt-4o-latest,0.0,25.0
d27dbad85632ded1,naive_tight,gemini-2.0-flash,85,45,85.0,45.0,83.7,61.9,model,openai/chatgpt-4o-latest,0.0,0.0
d27dbad85632ded1,naive_tight,llama-3.3-70b,95,61,95.0,55.0,83.7,61.9,model,openai/chatgpt-4o-latest,0.0,6.0
d32e792227a65530,lit_informed_tight,gemini-2.0-flash,85,65,45.0,45.0,82.88888888888889,50.888888888888886,writer,,40.0,20.0
d32e792227a65530,lit_informed_tight,llama-3.3-70b,90,60,40.0,40.0,82.88888888888889,50.888888888888886,writer,,50.0,20.0
d32e792227a65530,naive_tight,gemini-2.0-flash,75,55,45.0,45.0,82.88888888888889,50.888888888888886,writer,,30.0,10.0
d32e792227a65530,naive_tight,llama-3.3-70b,90,41,40.0,40.0,82.88888888888889,50.888888888888886,writer,,50.0,1.0
d77efc3b5b0499a9,lit_informed_tight,gemini-2.0-flash,90,75,90.0,65.0,93.77777777777776,66.0,model,anthropic/claude-sonnet-4,0.0,10.0
d77efc3b5b0499a9,lit_informed_tight,llama-3.3-70b,96,90,95.0,81.0,93.77777777777776,66.0,model,anthropic/claude-sonnet-4,1.0,9.0
d77efc3b5b0499a9,naive_tight,gemini-2.0-flash,90,75,90.0,65.0,93.77777777777776,66.0,model,anthropic/claude-sonnet-4,0.0,10.0
d77efc3b5b0499a9,naive_tight,llama-3.3-70b,95,90,95.0,81.0,93.77777777777776,66.0,model,anthropic/claude-sonnet-4,0.0,9.0
dd094a7ddddbed75,lit_informed_tight,gemini-2.0-flash,85,55,65.0,45.0,75.27272727272727,41.0,edited,openai/chatgpt-4o-latest,20.0,10.0
dd094a7ddddbed75,lit_informed_tight,llama-3.3-70b,95,60,82.0,55.0,75.27272727272727,41.0,edited,openai/chatgpt-4o-latest,13.0,5.0
dd094a7ddddbed75,naive_tight,gemini-2.0-flash,85,55,65.0,45.0,75.27272727272727,41.0,edited,openai/chatgpt-4o-latest,20.0,10.0
dd094a7ddddbed75,naive_tight,llama-3.3-70b,95,80,82.0,55.0,75.27272727272727,41.0,edited,openai/chatgpt-4o-latest,13.0,25.0
dd3a9721cf7a32a9,lit_informed_tight,gemini-2.0-flash,85,70,85.0,75.0,86.9090909090909,81.18181818181819,edited,deepseek/deepseek-chat-v3-0324,0.0,-5.0
dd3a9721cf7a32a9,lit_informed_tight,llama-3.3-70b,95,81,95.0,82.0,86.9090909090909,81.18181818181819,edited,deepseek/deepseek-chat-v3-0324,0.0,-1.0
dd3a9721cf7a32a9,naive_tight,gemini-2.0-flash,85,75,85.0,75.0,86.9090909090909,81.18181818181819,edited,deepseek/deepseek-chat-v3-0324,0.0,0.0
dd3a9721cf7a32a9,naive_tight,llama-3.3-70b,95,80,95.0,82.0,86.9090909090909,81.18181818181819,edited,deepseek/deepseek-chat-v3-0324,0.0,-2.0
dd7f2e11f4fd70aa,lit_informed_tight,gemini-2.0-flash,85,70,85.0,55.0,82.4,63.6,model,openai/chatgpt-4o-latest,0.0,15.0
dd7f2e11f4fd70aa,lit_informed_tight,llama-3.3-70b,95,78,90.0,65.0,82.4,63.6,model,openai/chatgpt-4o-latest,5.0,13.0
dd7f2e11f4fd70aa,naive_tight,gemini-2.0-flash,85,55,85.0,55.0,82.4,63.6,model,openai/chatgpt-4o-latest,0.0,0.0
dd7f2e11f4fd70aa,naive_tight,llama-3.3-70b,95,55,90.0,65.0,82.4,63.6,model,openai/chatgpt-4o-latest,5.0,-10.0
e0992cfcfec445b2,lit_informed_tight,gemini-2.0-flash,85,75,72.0,55.0,76.54545454545455,57.54545454545455,writer,,13.0,20.0
e0992cfcfec445b2,lit_informed_tight,llama-3.3-70b,90,65,85.0,55.0,76.54545454545455,57.54545454545455,writer,,5.0,10.0
e0992cfcfec445b2,naive_tight,gemini-2.0-flash,85,65,72.0,55.0,76.54545454545455,57.54545454545455,writer,,13.0,10.0
e0992cfcfec445b2,naive_tight,llama-3.3-70b,90,50,85.0,55.0,76.54545454545455,57.54545454545455,writer,,5.0,-5.0
e37a81dfd95da419,lit_informed_tight,gemini-2.0-flash,85,75,65.0,65.0,72.0,51.55555555555556,writer,,20.0,10.0
e37a81dfd95da419,lit_informed_tight,llama-3.3-70b,90,85,78.0,81.0,72.0,51.55555555555556,writer,,12.0,4.0
e37a81dfd95da419,naive_tight,gemini-2.0-flash,85,70,65.0,65.0,72.0,51.55555555555556,writer,,20.0,5.0
e37a81dfd95da419,naive_tight,llama-3.3-70b,90,81,78.0,81.0,72.0,51.55555555555556,writer,,12.0,0.0
e56714e1f979edac,lit_informed_tight,gemini-2.0-flash,85,55,85.0,65.0,90.4,63.4,model,deepseek/deepseek-chat-v3-0324,0.0,-10.0
e56714e1f979edac,lit_informed_tight,llama-3.3-70b,90,30,90.0,30.0,90.4,63.4,model,deepseek/deepseek-chat-v3-0324,0.0,0.0
e56714e1f979edac,naive_tight,gemini-2.0-flash,85,55,85.0,65.0,90.4,63.4,model,deepseek/deepseek-chat-v3-0324,0.0,-10.0
e56714e1f979edac,naive_tight,llama-3.3-70b,90,41,90.0,30.0,90.4,63.4,model,deepseek/deepseek-chat-v3-0324,0.0,11.0
ea89d3f6c707c4f2,lit_informed_tight,gemini-2.0-flash,85,55,55.0,30.0,70.4,32.0,writer,,30.0,25.0
ea89d3f6c707c4f2,lit_informed_tight,llama-3.3-70b,90,65,65.0,30.0,70.4,32.0,writer,,25.0,35.0
ea89d3f6c707c4f2,naive_tight,gemini-2.0-flash,75,45,55.0,30.0,70.4,32.0,writer,,20.0,15.0
ea89d3f6c707c4f2,naive_tight,llama-3.3-70b,90,50,65.0,30.0,70.4,32.0,writer,,25.0,20.0
f3faa9271ec62f4f,lit_informed_tight,gemini-2.0-flash,75,70,75.0,55.0,67.9090909090909,60.09090909090909,model,deepseek/deepseek-chat-v3-0324,0.0,15.0
f3faa9271ec62f4f,lit_informed_tight,llama-3.3-70b,90,68,90.0,77.0,67.9090909090909,60.09090909090909,model,deepseek/deepseek-chat-v3-0324,0.0,-9.0
f3faa9271ec62f4f,naive_tight,gemini-2.0-flash,72,55,75.0,55.0,67.9090909090909,60.09090909090909,model,deepseek/deepseek-chat-v3-0324,-3.0,0.0
f3faa9271ec62f4f,naive_tight,llama-3.3-70b,90,55,90.0,77.0,67.9090909090909,60.09090909090909,model,deepseek/deepseek-chat-v3-0324,0.0,-22.0
fb7e92a948c58f41,lit_informed_tight,gemini-2.0-flash,85,70,85.0,65.0,80.1,56.8,model,anthropic/claude-sonnet-4,0.0,5.0
fb7e92a948c58f41,lit_informed_tight,llama-3.3-70b,90,85,90.0,82.0,80.1,56.8,model,anthropic/claude-sonnet-4,0.0,3.0
fb7e92a948c58f41,naive_tight,gemini-2.0-flash,85,65,85.0,65.0,80.1,56.8,model,anthropic/claude-sonnet-4,0.0,0.0
fb7e92a948c58f41,naive_tight,llama-3.3-70b,90,80,90.0,82.0,80.1,56.8,model,anthropic/claude-sonnet-4,0.0,-2.0
fcc0cd15fb81c771,lit_informed_tight,gemini-2.0-flash,75,65,85.0,65.0,90.8,59.3,model,deepseek/deepseek-chat-v3-0324,-10.0,0.0
fcc0cd15fb81c771,lit_informed_tight,llama-3.3-70b,90,80,90.0,70.0,90.8,59.3,model,deepseek/deepseek-chat-v3-0324,0.0,10.0
fcc0cd15fb81c771,naive_tight,gemini-2.0-flash,75,70,85.0,65.0,90.8,59.3,model,deepseek/deepseek-chat-v3-0324,-10.0,5.0
fcc0cd15fb81c771,naive_tight,llama-3.3-70b,90,70,90.0,70.0,90.8,59.3,model,deepseek/deepseek-chat-v3-0324,0.0,0.0
