document_id,method,judge,criterion,score,ok,error,prompt_tokens,completion_tokens
785f402aca89fd9c,naive,llama-3.3-70b,clarity,85,True,,574,96
785f402aca89fd9c,naive,llama-3.3-70b,informativeness,68,True,,613,96
785f402aca89fd9c,naive,gemini-2.0-flash,clarity,75,True,,572,65
785f402aca89fd9c,naive,gemini-2.0-flash,informativeness,65,True,,608,63
785f402aca89fd9c,lit_informed,llama-3.3-70b,clarity,90,True,,578,85
785f402aca89fd9c,lit_informed,llama-3.3-70b,informativeness,82,True,,617,87
785f402aca89fd9c,lit_informed,gemini-2.0-flash,clarity,75,True,,574,65
785f402aca89fd9c,lit_informed,gemini-2.0-flash,informativeness,70,True,,610,65
78019e891236dfd9,naive,llama-3.3-70b,clarity,90,True,,568,78
78019e891236dfd9,naive,llama-3.3-70b,informativeness,30,True,,607,99
78019e891236dfd9,naive,gemini-2.0-flash,clarity,85,True,,562,57
78019e891236dfd9,naive,gemini-2.0-flash,informativeness,45,True,,598,94
78019e891236dfd9,lit_informed,llama-3.3-70b,clarity,90,True,,560,74
78019e891236dfd9,lit_informed,llama-3.3-70b,informativeness,30,True,,599,85
78019e891236dfd9,lit_informed,gemini-2.0-flash,clarity,85,True,,555,47
78019e891236dfd9,lit_informed,gemini-2.0-flash,informativeness,30,True,,591,78
2f2796533557850f,naive,llama-3.3-70b,clarity,90,True,,604,86
2f2796533557850f,naive,llama-3.3-70b,informativeness,80,True,,643,79
2f2796533557850f,naive,gemini-2.0-flash,clarity,75,True,,598,46
2f2796533557850f,naive,gemini-2.0-flash,informativeness,55,True,,634,73
2f2796533557850f,lit_informed,llama-3.3-70b,clarity,90,True,,601,84
2f2796533557850f,lit_informed,llama-3.3-70b,informativeness,75,True,,640,103
2f2796533557850f,lit_informed,gemini-2.0-flash,clarity,85,True,,596,49
2f2796533557850f,lit_informed,gemini-2.0-flash,informativeness,65,True,,632,81
05b82240f4d1c794,naive,llama-3.3-70b,clarity,82,True,,593,88
05b82240f4d1c794,naive,llama-3.3-70b,informativeness,61,True,,632,105
05b82240f4d1c794,naive,gemini-2.0-flash,clarity,75,True,,588,54
05b82240f4d1c794,naive,gemini-2.0-flash,informativeness,65,True,,624,65
05b82240f4d1c794,lit_informed,llama-3.3-70b,clarity,90,True,,589,72
05b82240f4d1c794,lit_informed,llama-3.3-70b,informativeness,68,True,,628,108
05b82240f4d1c794,lit_informed,gemini-2.0-flash,clarity,85,True,,587,49
05b82240f4d1c794,lit_informed,gemini-2.0-flash,informativeness,65,True,,623,65
1a8101de41fd831e,naive,llama-3.3-70b,clarity,90,True,,564,86
1a8101de41fd831e,naive,llama-3.3-70b,informativeness,50,True,,603,108
1a8101de41fd831e,naive,gemini-2.0-flash,clarity,75,True,,561,62
1a8101de41fd831e,naive,gemini-2.0-flash,informativeness,55,True,,597,58
1a8101de41fd831e,lit_informed,llama-3.3-70b,clarity,90,True,,587,77
1a8101de41fd831e,lit_informed,llama-3.3-70b,informativeness,73,True,,626,88
1a8101de41fd831e,lit_informed,gemini-2.0-flash,clarity,85,True,,582,51
1a8101de41fd831e,lit_informed,gemini-2.0-flash,informativeness,65,True,,618,62
7ea00af60e5888aa,naive,llama-3.3-70b,clarity,90,True,,598,81
7ea00af60e5888aa,naive,llama-3.3-70b,informativeness,75,True,,637,93
7ea00af60e5888aa,naive,gemini-2.0-flash,clarity,85,True,,593,53
7ea00af60e5888aa,naive,gemini-2.0-flash,informativeness,55,True,,629,60
7ea00af60e5888aa,lit_informed,llama-3.3-70b,clarity,90,True,,590,80
7ea00af60e5888aa,lit_informed,llama-3.3-70b,informativeness,80,True,,629,81
7ea00af60e5888aa,lit_informed,gemini-2.0-flash,clarity,85,True,,590,54
7ea00af60e5888aa,lit_informed,gemini-2.0-flash,informativeness,70,True,,626,63
bdccf92dd6935359,naive,llama-3.3-70b,clarity,90,True,,612,82
bdccf92dd6935359,naive,llama-3.3-70b,informativeness,85,True,,651,109
bdccf92dd6935359,naive,gemini-2.0-flash,clarity,90,True,,610,53
bdccf92dd6935359,naive,gemini-2.0-flash,informativeness,75,True,,646,62
bdccf92dd6935359,lit_informed,llama-3.3-70b,clarity,95,True,,618,84
bdccf92dd6935359,lit_informed,llama-3.3-70b,informativeness,81,True,,657,95
bdccf92dd6935359,lit_informed,gemini-2.0-flash,clarity,85,True,,615,50
bdccf92dd6935359,lit_informed,gemini-2.0-flash,informativeness,75,True,,651,63
e37a81dfd95da419,naive,llama-3.3-70b,clarity,90,True,,580,79
e37a81dfd95da419,naive,llama-3.3-70b,informativeness,78,True,,619,95
e37a81dfd95da419,naive,gemini-2.0-flash,clarity,85,True,,574,47
e37a81dfd95da419,naive,gemini-2.0-flash,informativeness,75,True,,610,65
e37a81dfd95da419,lit_informed,llama-3.3-70b,clarity,90,True,,586,76
e37a81dfd95da419,lit_informed,llama-3.3-70b,informativeness,80,True,,625,121
e37a81dfd95da419,lit_informed,gemini-2.0-flash,clarity,85,True,,580,55
e37a81dfd95da419,lit_informed,gemini-2.0-flash,informativeness,70,True,,616,64
d32e792227a65530,naive,llama-3.3-70b,clarity,90,True,,636,86
d32e792227a65530,naive,llama-3.3-70b,informativeness,40,True,,675,106
d32e792227a65530,naive,gemini-2.0-flash,clarity,85,True,,628,49
d32e792227a65530,naive,gemini-2.0-flash,informativeness,55,True,,664,70
d32e792227a65530,lit_informed,llama-3.3-70b,clarity,90,True,,658,78
d32e792227a65530,lit_informed,llama-3.3-70b,informativeness,81,True,,697,85
d32e792227a65530,lit_informed,gemini-2.0-flash,clarity,85,True,,646,51
d32e792227a65530,lit_informed,gemini-2.0-flash,informativeness,75,True,,682,79
bedc0a6a0ec03ed0,naive,llama-3.3-70b,clarity,90,True,,580,77
bedc0a6a0ec03ed0,naive,llama-3.3-70b,informativeness,41,True,,619,87
bedc0a6a0ec03ed0,naive,gemini-2.0-flash,clarity,75,True,,576,70
bedc0a6a0ec03ed0,naive,gemini-2.0-flash,informativeness,35,True,,612,71
bedc0a6a0ec03ed0,lit_informed,llama-3.3-70b,clarity,90,True,,571,77
bedc0a6a0ec03ed0,lit_informed,llama-3.3-70b,informativeness,65,True,,610,95
bedc0a6a0ec03ed0,lit_informed,gemini-2.0-flash,clarity,75,True,,567,62
bedc0a6a0ec03ed0,lit_informed,gemini-2.0-flash,informativeness,45,True,,603,82
56e222895cca8876,naive,llama-3.3-70b,clarity,90,True,,630,83
56e222895cca8876,naive,llama-3.3-70b,informativeness,90,True,,669,100
56e222895cca8876,naive,gemini-2.0-flash,clarity,90,True,,627,49
56e222895cca8876,naive,gemini-2.0-flash,informativeness,65,True,,663,72
56e222895cca8876,lit_informed,llama-3.3-70b,clarity,95,True,,638,72
56e222895cca8876,lit_informed,llama-3.3-70b,informativeness,60,True,,677,100
56e222895cca8876,lit_informed,gemini-2.0-flash,clarity,90,True,,633,45
56e222895cca8876,lit_informed,gemini-2.0-flash,informativeness,65,True,,669,63
bef9bf3d329cffa0,naive,llama-3.3-70b,clarity,90,True,,581,82
bef9bf3d329cffa0,naive,llama-3.3-70b,informativeness,80,True,,620,85
bef9bf3d329cffa0,naive,gemini-2.0-flash,clarity,90,True,,573,58
bef9bf3d329cffa0,naive,gemini-2.0-flash,informativeness,75,True,,609,57
bef9bf3d329cffa0,lit_informed,llama-3.3-70b,clarity,90,True,,565,76
bef9bf3d329cffa0,lit_informed,llama-3.3-70b,informativeness,80,True,,604,78
bef9bf3d329cffa0,lit_informed,gemini-2.0-flash,clarity,85,True,,558,54
bef9bf3d329cffa0,lit_informed,gemini-2.0-flash,informativeness,75,True,,594,65
525eb53e6a381dff,naive,llama-3.3-70b,clarity,90,True,,582,68
525eb53e6a381dff,naive,llama-3.3-70b,informativeness,55,True,,621,102
525eb53e6a381dff,naive,gemini-2.0-flash,clarity,75,True,,575,58
525eb53e6a381dff,naive,gemini-2.0-flash,informativeness,55,True,,611,73
525eb53e6a381dff,lit_informed,llama-3.3-70b,clarity,90,True,,611,82
525eb53e6a381dff,lit_informed,llama-3.3-70b,informativeness,73,True,,650,87
525eb53e6a381dff,lit_informed,gemini-2.0-flash,clarity,85,True,,604,50
525eb53e6a381dff,lit_informed,gemini-2.0-flash,informativeness,65,True,,640,61
0b52420f9d02601b,naive,llama-3.3-70b,clarity,90,True,,566,68
0b52420f9d02601b,naive,llama-3.3-70b,informativeness,55,True,,605,99
0b52420f9d02601b,naive,gemini-2.0-flash,clarity,85,True,,562,54
0b52420f9d02601b,naive,gemini-2.0-flash,informativeness,45,True,,598,79
0b52420f9d02601b,lit_informed,llama-3.3-70b,clarity,90,True,,572,81
0b52420f9d02601b,lit_informed,llama-3.3-70b,informativeness,61,True,,611,97
0b52420f9d02601b,lit_informed,gemini-2.0-flash,clarity,90,True,,565,54
0b52420f9d02601b,lit_informed,gemini-2.0-flash,informativeness,55,True,,601,65
a6dc02edeaa5fb04,naive,llama-3.3-70b,clarity,90,True,,585,95
a6dc02edeaa5fb04,naive,llama-3.3-70b,informativeness,40,True,,624,111
a6dc02edeaa5fb04,naive,gemini-2.0-flash,clarity,75,True,,583,60
a6dc02edeaa5fb04,naive,gemini-2.0-flash,informativeness,35,True,,619,77
a6dc02edeaa5fb04,lit_informed,llama-3.3-70b,clarity,90,True,,565,82
a6dc02edeaa5fb04,lit_informed,llama-3.3-70b,informativeness,41,True,,604,94
a6dc02edeaa5fb04,lit_informed,gemini-2.0-flash,clarity,85,True,,563,45
a6dc02edeaa5fb04,lit_informed,gemini-2.0-flash,informativeness,65,True,,599,72
e0992cfcfec445b2,naive,llama-3.3-70b,clarity,90,True,,587,80
e0992cfcfec445b2,naive,llama-3.3-70b,informativeness,50,True,,626,95
e0992cfcfec445b2,naive,gemini-2.0-flash,clarity,75,True,,578,45
e0992cfcfec445b2,naive,gemini-2.0-flash,informativeness,55,True,,614,67
e0992cfcfec445b2,lit_informed,llama-3.3-70b,clarity,90,True,,619,106
e0992cfcfec445b2,lit_informed,llama-3.3-70b,informativeness,65,True,,642,106
e0992cfcfec445b2,lit_informed,gemini-2.0-flash,clarity,85,True,,598,45
e0992cfcfec445b2,lit_informed,gemini-2.0-flash,informativeness,65,True,,634,71
cd35ed2d33f6a2b1,naive,llama-3.3-70b,clarity,90,True,,668,87
cd35ed2d33f6a2b1,naive,llama-3.3-70b,informativeness,85,True,,707,89
cd35ed2d33f6a2b1,naive,gemini-2.0-flash,clarity,68,True,,663,50
cd35ed2d33f6a2b1,naive,gemini-2.0-flash,informativeness,65,True,,699,56
cd35ed2d33f6a2b1,lit_informed,llama-3.3-70b,clarity,90,True,,692,84
cd35ed2d33f6a2b1,lit_informed,llama-3.3-70b,informativeness,82,True,,731,87
cd35ed2d33f6a2b1,lit_informed,gemini-2.0-flash,clarity,85,True,,693,46
cd35ed2d33f6a2b1,lit_informed,gemini-2.0-flash,informativeness,65,True,,729,63
39c9aabaa3691cdf,naive,llama-3.3-70b,clarity,78,True,,590,89
39c9aabaa3691cdf,naive,llama-3.3-70b,informativeness,41,True,,629,94
39c9aabaa3691cdf,naive,gemini-2.0-flash,clarity,75,True,,584,57
39c9aabaa3691cdf,naive,gemini-2.0-flash,informativeness,50,True,,620,70
39c9aabaa3691cdf,lit_informed,llama-3.3-70b,clarity,90,True,,604,75
39c9aabaa3691cdf,lit_informed,llama-3.3-70b,informativeness,50,True,,643,92
39c9aabaa3691cdf,lit_informed,gemini-2.0-flash,clarity,85,True,,596,48
39c9aabaa3691cdf,lit_informed,gemini-2.0-flash,informativeness,50,True,,632,66
89e80788d130a738,naive,llama-3.3-70b,clarity,90,True,,611,74
89e80788d130a738,naive,llama-3.3-70b,informativeness,61,True,,650,104
89e80788d130a738,naive,gemini-2.0-flash,clarity,75,True,,604,64
89e80788d130a738,naive,gemini-2.0-flash,informativeness,65,True,,640,86
89e80788d130a738,lit_informed,llama-3.3-70b,clarity,90,True,,600,74
89e80788d130a738,lit_informed,llama-3.3-70b,informativeness,75,True,,639,87
89e80788d130a738,lit_informed,gemini-2.0-flash,clarity,85,True,,592,48
89e80788d130a738,lit_informed,gemini-2.0-flash,informativeness,65,True,,628,69
ea89d3f6c707c4f2,naive,llama-3.3-70b,clarity,90,True,,591,75
ea89d3f6c707c4f2,naive,llama-3.3-70b,informativeness,55,True,,630,103
ea89d3f6c707c4f2,naive,gemini-2.0-flash,clarity,72,True,,588,59
ea89d3f6c707c4f2,naive,gemini-2.0-flash,informativeness,65,True,,624,66
ea89d3f6c707c4f2,lit_informed,llama-3.3-70b,clarity,85,True,,584,90
ea89d3f6c707c4f2,lit_informed,llama-3.3-70b,informativeness,50,True,,623,101
ea89d3f6c707c4f2,lit_informed,gemini-2.0-flash,clarity,72,True,,578,53
ea89d3f6c707c4f2,lit_informed,gemini-2.0-flash,informativeness,45,True,,614,77
0fff5b7448db9135,naive,llama-3.3-70b,clarity,95,True,,625,74
0fff5b7448db9135,naive,llama-3.3-70b,informativeness,85,True,,664,95
0fff5b7448db9135,naive,gemini-2.0-flash,clarity,85,True,,620,50
0fff5b7448db9135,naive,gemini-2.0-flash,informativeness,75,True,,656,75
0fff5b7448db9135,lit_informed,llama-3.3-70b,clarity,95,True,,616,80
0fff5b7448db9135,lit_informed,llama-3.3-70b,informativeness,85,True,,655,92
0fff5b7448db9135,lit_informed,gemini-2.0-flash,clarity,85,True,,612,50
0fff5b7448db9135,lit_informed,gemini-2.0-flash,informativeness,65,True,,648,58
64fe2cfa1a9c325b,naive,llama-3.3-70b,clarity,85,True,,594,77
64fe2cfa1a9c325b,naive,llama-3.3-70b,informativeness,50,True,,633,107
64fe2cfa1a9c325b,naive,gemini-2.0-flash,clarity,75,True,,587,56
64fe2cfa1a9c325b,naive,gemini-2.0-flash,informativeness,55,True,,623,74
64fe2cfa1a9c325b,lit_informed,llama-3.3-70b,clarity,90,True,,584,69
64fe2cfa1a9c325b,lit_informed,llama-3.3-70b,informativeness,73,True,,623,102
64fe2cfa1a9c325b,lit_informed,gemini-2.0-flash,clarity,85,True,,581,48
64fe2cfa1a9c325b,lit_informed,gemini-2.0-flash,informativeness,70,True,,617,66
7095e819facada4e,naive,llama-3.3-70b,clarity,90,True,,593,90
7095e819facada4e,naive,llama-3.3-70b,informativeness,55,True,,632,96
7095e819facada4e,naive,gemini-2.0-flash,clarity,85,True,,587,43
7095e819facada4e,naive,gemini-2.0-flash,informativeness,55,True,,623,66
7095e819facada4e,lit_informed,llama-3.3-70b,clarity,90,True,,595,74
7095e819facada4e,lit_informed,llama-3.3-70b,informativeness,55,True,,634,116
7095e819facada4e,lit_informed,gemini-2.0-flash,clarity,85,True,,588,41
7095e819facada4e,lit_informed,gemini-2.0-flash,informativeness,55,True,,624,67
d77efc3b5b0499a9,naive,llama-3.3-70b,clarity,95,True,,638,79
d77efc3b5b0499a9,naive,llama-3.3-70b,informativeness,90,True,,677,92
d77efc3b5b0499a9,naive,gemini-2.0-flash,clarity,90,True,,635,48
d77efc3b5b0499a9,naive,gemini-2.0-flash,informativeness,75,True,,671,69
d77efc3b5b0499a9,lit_informed,llama-3.3-70b,clarity,95,True,,617,72
d77efc3b5b0499a9,lit_informed,llama-3.3-70b,informativeness,90,True,,656,84
d77efc3b5b0499a9,lit_informed,gemini-2.0-flash,clarity,90,True,,615,48
d77efc3b5b0499a9,lit_informed,gemini-2.0-flash,informativeness,75,True,,651,64
863091fb20084275,naive,llama-3.3-70b,clarity,95,True,,620,74
863091fb20084275,naive,llama-3.3-70b,informativeness,80,True,,659,89
863091fb20084275,naive,gemini-2.0-flash,clarity,85,True,,613,55
863091fb20084275,naive,gemini-2.0-flash,informativeness,55,True,,649,76
863091fb20084275,lit_informed,llama-3.3-70b,clarity,95,True,,619,86
863091fb20084275,lit_informed,llama-3.3-70b,informativeness,80,True,,658,85
863091fb20084275,lit_informed,gemini-2.0-flash,clarity,85,True,,611,51
863091fb20084275,lit_informed,gemini-2.0-flash,informativeness,65,True,,647,72
74a9f7c2ec8e9995,naive,llama-3.3-70b,clarity,95,True,,627,83
74a9f7c2ec8e9995,naive,llama-3.3-70b,informativeness,75,True,,666,88
74a9f7c2ec8e9995,naive,gemini-2.0-flash,clarity,85,True,,619,44
74a9f7c2ec8e9995,naive,gemini-2.0-flash,informativeness,70,True,,655,59
74a9f7c2ec8e9995,lit_informed,llama-3.3-70b,clarity,90,True,,599,74
74a9f7c2ec8e9995,lit_informed,llama-3.3-70b,informativeness,77,True,,638,91
74a9f7c2ec8e9995,lit_informed,gemini-2.0-flash,clarity,85,True,,593,50
74a9f7c2ec8e9995,lit_informed,gemini-2.0-flash,informativeness,70,True,,629,75
bfd5a54227b0337d,naive,llama-3.3-70b,clarity,90,True,,652,92
bfd5a54227b0337d,naive,llama-3.3-70b,informativeness,80,True,,691,90
bfd5a54227b0337d,naive,gemini-2.0-flash,clarity,75,True,,648,67
bfd5a54227b0337d,naive,gemini-2.0-flash,informativeness,55,True,,684,86
bfd5a54227b0337d,lit_informed,llama-3.3-70b,clarity,90,True,,647,103
bfd5a54227b0337d,lit_informed,llama-3.3-70b,informativeness,85,True,,686,106
bfd5a54227b0337d,lit_informed,gemini-2.0-flash,clarity,85,True,,638,41
bfd5a54227b0337d,lit_informed,gemini-2.0-flash,informativeness,75,True,,674,69
97b87b3ab42b403a,naive,llama-3.3-70b,clarity,90,True,,579,73
97b87b3ab42b403a,naive,llama-3.3-70b,informativeness,55,True,,618,103
97b87b3ab42b403a,naive,gemini-2.0-flash,clarity,85,True,,574,50
97b87b3ab42b403a,naive,gemini-2.0-flash,informativeness,55,True,,610,54
97b87b3ab42b403a,lit_informed,llama-3.3-70b,clarity,90,True,,586,79
97b87b3ab42b403a,lit_informed,llama-3.3-70b,informativeness,40,True,,625,99
97b87b3ab42b403a,lit_informed,gemini-2.0-flash,clarity,85,True,,577,46
97b87b3ab42b403a,lit_informed,gemini-2.0-flash,informativeness,55,True,,613,59
3e038efd39410b53,naive,llama-3.3-70b,clarity,90,True,,605,75
3e038efd39410b53,naive,llama-3.3-70b,informativeness,81,True,,644,104
3e038efd39410b53,naive,gemini-2.0-flash,clarity,85,True,,594,53
3e038efd39410b53,naive,gemini-2.0-flash,informativeness,65,True,,630,70
3e038efd39410b53,lit_informed,llama-3.3-70b,clarity,95,True,,603,76
3e038efd39410b53,lit_informed,llama-3.3-70b,informativeness,81,True,,642,107
3e038efd39410b53,lit_informed,gemini-2.0-flash,clarity,85,True,,593,54
3e038efd39410b53,lit_informed,gemini-2.0-flash,informativeness,70,True,,629,74
889e242ff240d38b,naive,llama-3.3-70b,clarity,95,True,,596,78
889e242ff240d38b,naive,llama-3.3-70b,informativeness,80,True,,635,84
889e242ff240d38b,naive,gemini-2.0-flash,clarity,85,True,,590,53
889e242ff240d38b,naive,gemini-2.0-flash,informativeness,75,True,,626,72
889e242ff240d38b,lit_informed,llama-3.3-70b,clarity,90,True,,607,80
889e242ff240d38b,lit_informed,llama-3.3-70b,informativeness,70,True,,646,93
889e242ff240d38b,lit_informed,gemini-2.0-flash,clarity,85,True,,602,53
889e242ff240d38b,lit_informed,gemini-2.0-flash,informativeness,65,True,,638,61
c31d66e369629325,naive,llama-3.3-70b,clarity,90,True,,636,76
c31d66e369629325,naive,llama-3.3-70b,informativeness,81,True,,675,86
c31d66e369629325,naive,gemini-2.0-flash,clarity,85,True,,629,49
c31d66e369629325,naive,gemini-2.0-flash,informativeness,65,True,,665,66
c31d66e369629325,lit_informed,llama-3.3-70b,clarity,90,True,,598,74
c31d66e369629325,lit_informed,llama-3.3-70b,informativeness,85,True,,637,94
c31d66e369629325,lit_informed,gemini-2.0-flash,clarity,90,True,,592,54
c31d66e369629325,lit_informed,gemini-2.0-flash,informativeness,75,True,,628,68
c54a9e6d6cf85712,naive,llama-3.3-70b,clarity,95,True,,651,79
c54a9e6d6cf85712,naive,llama-3.3-70b,informativeness,85,True,,690,79
c54a9e6d6cf85712,naive,gemini-2.0-flash,clarity,85,True,,645,45
c54a9e6d6cf85712,naive,gemini-2.0-flash,informativeness,65,True,,681,70
c54a9e6d6cf85712,lit_informed,llama-3.3-70b,clarity,95,True,,638,86
c54a9e6d6cf85712,lit_informed,llama-3.3-70b,informativeness,82,True,,677,90
c54a9e6d6cf85712,lit_informed,gemini-2.0-flash,clarity,90,True,,633,57
c54a9e6d6cf85712,lit_informed,gemini-2.0-flash,informativeness,75,True,,669,64
057ff2c32392f26f,naive,llama-3.3-70b,clarity,95,True,,622,79
057ff2c32392f26f,naive,llama-3.3-70b,informativeness,80,True,,661,91
057ff2c32392f26f,naive,gemini-2.0-flash,clarity,85,True,,614,48
057ff2c32392f26f,naive,gemini-2.0-flash,informativeness,65,True,,650,59
057ff2c32392f26f,lit_informed,llama-3.3-70b,clarity,90,True,,586,76
057ff2c32392f26f,lit_informed,llama-3.3-70b,informativeness,80,True,,625,79
057ff2c32392f26f,lit_informed,gemini-2.0-flash,clarity,85,True,,578,50
057ff2c32392f26f,lit_informed,gemini-2.0-flash,informativeness,70,True,,614,66
5b1a59dd1d9b4792,naive,llama-3.3-70b,clarity,85,True,,618,68
5b1a59dd1d9b4792,naive,llama-3.3-70b,informativeness,55,True,,657,85
5b1a59dd1d9b4792,naive,gemini-2.0-flash,clarity,85,True,,615,45
5b1a59dd1d9b4792,naive,gemini-2.0-flash,informativeness,55,True,,651,65
5b1a59dd1d9b4792,lit_informed,llama-3.3-70b,clarity,90,True,,600,85
5b1a59dd1d9b4792,lit_informed,llama-3.3-70b,informativeness,80,True,,639,110
5b1a59dd1d9b4792,lit_informed,gemini-2.0-flash,clarity,90,True,,596,54
5b1a59dd1d9b4792,lit_informed,gemini-2.0-flash,informativeness,55,True,,632,83
3ee198223817a252,naive,llama-3.3-70b,clarity,95,True,,643,74
3ee198223817a252,naive,llama-3.3-70b,informativeness,82,True,,682,91
3ee198223817a252,naive,gemini-2.0-flash,clarity,85,True,,638,51
3ee198223817a252,naive,gemini-2.0-flash,informativeness,75,True,,674,73
3ee198223817a252,lit_informed,llama-3.3-70b,clarity,95,True,,619,76
3ee198223817a252,lit_informed,llama-3.3-70b,informativeness,80,True,,658,97
3ee198223817a252,lit_informed,gemini-2.0-flash,clarity,90,True,,613,56
3ee198223817a252,lit_informed,gemini-2.0-flash,informativeness,75,True,,649,58
92c1f6a8c5431da1,naive,llama-3.3-70b,clarity,90,True,,587,83
92c1f6a8c5431da1,naive,llama-3.3-70b,informativeness,55,True,,626,101
92c1f6a8c5431da1,naive,gemini-2.0-flash,clarity,85,True,,583,47
92c1f6a8c5431da1,naive,gemini-2.0-flash,informativeness,65,True,,619,75
92c1f6a8c5431da1,lit_informed,llama-3.3-70b,clarity,90,True,,582,76
92c1f6a8c5431da1,lit_informed,llama-3.3-70b,informativeness,75,True,,621,88
92c1f6a8c5431da1,lit_informed,gemini-2.0-flash,clarity,85,True,,578,50
92c1f6a8c5431da1,lit_informed,gemini-2.0-flash,informativeness,65,True,,614,75
1d794e63e829f68f,naive,llama-3.3-70b,clarity,90,True,,592,82
1d794e63e829f68f,naive,llama-3.3-70b,informativeness,60,True,,631,113
1d794e63e829f68f,naive,gemini-2.0-flash,clarity,75,True,,587,56
1d794e63e829f68f,naive,gemini-2.0-flash,informativeness,55,True,,623,65
1d794e63e829f68f,lit_informed,llama-3.3-70b,clarity,90,True,,584,68
1d794e63e829f68f,lit_informed,llama-3.3-70b,informativeness,50,True,,623,98
1d794e63e829f68f,lit_informed,gemini-2.0-flash,clarity,85,True,,577,46
1d794e63e829f68f,lit_informed,gemini-2.0-flash,informativeness,55,True,,613,77
6f87a80d0598346a,naive,llama-3.3-70b,clarity,90,True,,578,79
6f87a80d0598346a,naive,llama-3.3-70b,informativeness,60,True,,617,93
6f87a80d0598346a,naive,gemini-2.0-flash,clarity,72,True,,574,56
6f87a80d0598346a,naive,gemini-2.0-flash,informativeness,65,True,,610,65
6f87a80d0598346a,lit_informed,llama-3.3-70b,clarity,90,True,,569,79
6f87a80d0598346a,lit_informed,llama-3.3-70b,informativeness,73,True,,608,91
6f87a80d0598346a,lit_informed,gemini-2.0-flash,clarity,85,True,,564,48
6f87a80d0598346a,lit_informed,gemini-2.0-flash,informativeness,65,True,,600,70
fb7e92a948c58f41,naive,llama-3.3-70b,clarity,95,True,,623,104
fb7e92a948c58f41,naive,llama-3.3-70b,informativeness,90,True,,662,96
fb7e92a948c58f41,naive,gemini-2.0-flash,clarity,85,True,,619,48
fb7e92a948c58f41,naive,gemini-2.0-flash,informativeness,75,True,,655,61
fb7e92a948c58f41,lit_informed,llama-3.3-70b,clarity,90,True,,605,87
fb7e92a948c58f41,lit_informed,llama-3.3-70b,informativeness,80,True,,644,95
fb7e92a948c58f41,lit_informed,gemini-2.0-flash,clarity,85,True,,605,48
fb7e92a948c58f41,lit_informed,gemini-2.0-flash,informativeness,70,True,,641,51
7577ee8ce1628a86,naive,llama-3.3-70b,clarity,90,True,,585,78
7577ee8ce1628a86,naive,llama-3.3-70b,informativeness,65,True,,624,105
7577ee8ce1628a86,naive,gemini-2.0-flash,clarity,85,True,,579,45
7577ee8ce1628a86,naive,gemini-2.0-flash,informativeness,55,True,,615,90
7577ee8ce1628a86,lit_informed,llama-3.3-70b,clarity,90,True,,574,74
7577ee8ce1628a86,lit_informed,llama-3.3-70b,informativeness,60,True,,613,100
7577ee8ce1628a86,lit_informed,gemini-2.0-flash,clarity,85,True,,569,41
7577ee8ce1628a86,lit_informed,gemini-2.0-flash,informativeness,55,True,,605,67
afa001a6b6c98a1d,naive,llama-3.3-70b,clarity,90,True,,575,72
afa001a6b6c98a1d,naive,llama-3.3-70b,informativeness,55,True,,614,100
afa001a6b6c98a1d,naive,gemini-2.0-flash,clarity,85,True,,571,52
afa001a6b6c98a1d,naive,gemini-2.0-flash,informativeness,55,True,,607,79
afa001a6b6c98a1d,lit_informed,llama-3.3-70b,clarity,90,True,,574,81
afa001a6b6c98a1d,lit_informed,llama-3.3-70b,informativeness,60,True,,613,105
afa001a6b6c98a1d,lit_informed,gemini-2.0-flash,clarity,90,True,,569,60
afa001a6b6c98a1d,lit_informed,gemini-2.0-flash,informativeness,55,True,,605,74
98bea07985b4d1b5,naive,llama-3.3-70b,clarity,90,True,,629,79
98bea07985b4d1b5,naive,llama-3.3-70b,informativeness,65,True,,668,95
98bea07985b4d1b5,naive,gemini-2.0-flash,clarity,72,True,,624,56
98bea07985b4d1b5,naive,gemini-2.0-flash,informativeness,55,True,,660,73
98bea07985b4d1b5,lit_informed,llama-3.3-70b,clarity,95,True,,614,88
98bea07985b4d1b5,lit_informed,llama-3.3-70b,informativeness,82,True,,653,87
98bea07985b4d1b5,lit_informed,gemini-2.0-flash,clarity,85,True,,610,53
98bea07985b4d1b5,lit_informed,gemini-2.0-flash,informativeness,75,True,,646,63
78016acbd843c47b,naive,llama-3.3-70b,clarity,90,True,,596,75
78016acbd843c47b,naive,llama-3.3-70b,informativeness,61,True,,635,101
78016acbd843c47b,naive,gemini-2.0-flash,clarity,85,True,,592,54
78016acbd843c47b,naive,gemini-2.0-flash,informativeness,55,True,,628,70
78016acbd843c47b,lit_informed,llama-3.3-70b,clarity,90,True,,612,87
78016acbd843c47b,lit_informed,llama-3.3-70b,informativeness,75,True,,651,96
78016acbd843c47b,lit_informed,gemini-2.0-flash,clarity,85,True,,606,45
78016acbd843c47b,lit_informed,gemini-2.0-flash,informativeness,75,True,,642,73
f3faa9271ec62f4f,naive,llama-3.3-70b,clarity,90,True,,569,90
f3faa9271ec62f4f,naive,llama-3.3-70b,informativeness,55,True,,608,95
f3faa9271ec62f4f,naive,gemini-2.0-flash,clarity,75,True,,558,55
f3faa9271ec62f4f,naive,gemini-2.0-flash,informativeness,55,True,,594,77
f3faa9271ec62f4f,lit_informed,llama-3.3-70b,clarity,90,True,,572,84
f3faa9271ec62f4f,lit_informed,llama-3.3-70b,informativeness,60,True,,611,100
f3faa9271ec62f4f,lit_informed,gemini-2.0-flash,clarity,72,True,,566,54
f3faa9271ec62f4f,lit_informed,gemini-2.0-flash,informativeness,65,True,,602,67
02141d01a5d94a1a,naive,llama-3.3-70b,clarity,95,True,,642,69
02141d01a5d94a1a,naive,llama-3.3-70b,informativeness,60,True,,681,104
02141d01a5d94a1a,naive,gemini-2.0-flash,clarity,85,True,,636,50
02141d01a5d94a1a,naive,gemini-2.0-flash,informativeness,65,True,,672,71
02141d01a5d94a1a,lit_informed,llama-3.3-70b,clarity,95,True,,643,74
02141d01a5d94a1a,lit_informed,llama-3.3-70b,informativeness,60,True,,682,100
02141d01a5d94a1a,lit_informed,gemini-2.0-flash,clarity,85,True,,638,50
02141d01a5d94a1a,lit_informed,gemini-2.0-flash,informativeness,65,True,,674,75
4f5f9ecdc083eaab,naive,llama-3.3-70b,clarity,90,True,,561,78
4f5f9ecdc083eaab,naive,llama-3.3-70b,informativeness,75,True,,600,99
4f5f9ecdc083eaab,naive,gemini-2.0-flash,clarity,85,True,,557,57
4f5f9ecdc083eaab,naive,gemini-2.0-flash,informativeness,70,True,,593,54
4f5f9ecdc083eaab,lit_informed,llama-3.3-70b,clarity,90,True,,552,83
4f5f9ecdc083eaab,lit_informed,llama-3.3-70b,informativeness,81,True,,591,82
4f5f9ecdc083eaab,lit_informed,gemini-2.0-flash,clarity,85,True,,547,48
4f5f9ecdc083eaab,lit_informed,gemini-2.0-flash,informativeness,65,True,,583,66
6409a81d27eddbbd,naive,llama-3.3-70b,clarity,90,True,,615,74
6409a81d27eddbbd,naive,llama-3.3-70b,informativeness,65,True,,654,104
6409a81d27eddbbd,naive,gemini-2.0-flash,clarity,85,True,,612,52
6409a81d27eddbbd,naive,gemini-2.0-flash,informativeness,70,True,,648,66
6409a81d27eddbbd,lit_informed,llama-3.3-70b,clarity,90,True,,599,74
6409a81d27eddbbd,lit_informed,llama-3.3-70b,informativeness,70,True,,638,112
6409a81d27eddbbd,lit_informed,gemini-2.0-flash,clarity,85,True,,593,45
6409a81d27eddbbd,lit_informed,gemini-2.0-flash,informativeness,75,True,,629,89
9c62f807c3c1c798,naive,llama-3.3-70b,clarity,95,True,,601,72
9c62f807c3c1c798,naive,llama-3.3-70b,informativeness,80,True,,640,101
9c62f807c3c1c798,naive,gemini-2.0-flash,clarity,85,True,,595,45
9c62f807c3c1c798,naive,gemini-2.0-flash,informativeness,65,True,,631,74
9c62f807c3c1c798,lit_informed,llama-3.3-70b,clarity,95,True,,605,84
9c62f807c3c1c798,lit_informed,llama-3.3-70b,informativeness,60,True,,644,100
9c62f807c3c1c798,lit_informed,gemini-2.0-flash,clarity,90,True,,602,45
9c62f807c3c1c798,lit_informed,gemini-2.0-flash,informativeness,75,True,,638,75
e56714e1f979edac,naive,llama-3.3-70b,clarity,90,True,,560,92
e56714e1f979edac,naive,llama-3.3-70b,informativeness,40,True,,599,96
e56714e1f979edac,naive,gemini-2.0-flash,clarity,85,True,,554,46
e56714e1f979edac,naive,gemini-2.0-flash,informativeness,55,True,,590,66
e56714e1f979edac,lit_informed,llama-3.3-70b,clarity,90,True,,559,72
e56714e1f979edac,lit_informed,llama-3.3-70b,informativeness,40,True,,598,67
e56714e1f979edac,lit_informed,gemini-2.0-flash,clarity,85,True,,551,46
e56714e1f979edac,lit_informed,gemini-2.0-flash,informativeness,55,True,,587,52
33540b7c5a2f3abe,naive,llama-3.3-70b,clarity,95,True,,631,87
33540b7c5a2f3abe,naive,llama-3.3-70b,informativeness,60,True,,670,103
33540b7c5a2f3abe,naive,gemini-2.0-flash,clarity,85,True,,624,51
33540b7c5a2f3abe,naive,gemini-2.0-flash,informativeness,55,True,,660,79
33540b7c5a2f3abe,lit_informed,llama-3.3-70b,clarity,95,True,,623,86
33540b7c5a2f3abe,lit_informed,llama-3.3-70b,informativeness,70,True,,662,81
33540b7c5a2f3abe,lit_informed,gemini-2.0-flash,clarity,85,True,,615,50
33540b7c5a2f3abe,lit_informed,gemini-2.0-flash,informativeness,70,True,,651,74
6e09710086db9df2,naive,llama-3.3-70b,clarity,95,True,,647,74
6e09710086db9df2,naive,llama-3.3-70b,informativeness,80,True,,686,87
6e09710086db9df2,naive,gemini-2.0-flash,clarity,85,True,,641,51
6e09710086db9df2,naive,gemini-2.0-flash,informativeness,75,True,,677,80
6e09710086db9df2,lit_informed,llama-3.3-70b,clarity,90,True,,644,86
6e09710086db9df2,lit_informed,llama-3.3-70b,informativeness,82,True,,683,91
6e09710086db9df2,lit_informed,gemini-2.0-flash,clarity,85,True,,637,53
6e09710086db9df2,lit_informed,gemini-2.0-flash,informativeness,65,True,,673,62
fcc0cd15fb81c771,naive,llama-3.3-70b,clarity,95,True,,608,92
fcc0cd15fb81c771,naive,llama-3.3-70b,informativeness,60,True,,647,118
fcc0cd15fb81c771,naive,gemini-2.0-flash,clarity,75,True,,600,64
fcc0cd15fb81c771,naive,gemini-2.0-flash,informativeness,55,True,,636,56
fcc0cd15fb81c771,lit_informed,llama-3.3-70b,clarity,90,True,,589,86
fcc0cd15fb81c771,lit_informed,llama-3.3-70b,informativeness,70,True,,628,88
fcc0cd15fb81c771,lit_informed,gemini-2.0-flash,clarity,85,True,,582,47
fcc0cd15fb81c771,lit_informed,gemini-2.0-flash,informativeness,55,True,,618,58
615723e94db23a21,naive,llama-3.3-70b,clarity,90,True,,639,73
615723e94db23a21,naive,llama-3.3-70b,informativeness,85,True,,678,85
615723e94db23a21,naive,gemini-2.0-flash,clarity,85,True,,630,53
615723e94db23a21,naive,gemini-2.0-flash,informativeness,65,True,,666,58
615723e94db23a21,lit_informed,llama-3.3-70b,clarity,90,True,,634,76
615723e94db23a21,lit_informed,llama-3.3-70b,informativeness,85,True,,673,95
615723e94db23a21,lit_informed,gemini-2.0-flash,clarity,85,True,,626,41
615723e94db23a21,lit_informed,gemini-2.0-flash,informativeness,65,True,,662,69
d02f0c3591344ac1,naive,llama-3.3-70b,clarity,95,True,,620,84
d02f0c3591344ac1,naive,llama-3.3-70b,informativeness,21,True,,659,95
d02f0c3591344ac1,naive,gemini-2.0-flash,clarity,85,True,,615,41
d02f0c3591344ac1,naive,gemini-2.0-flash,informativeness,50,True,,651,75
d02f0c3591344ac1,lit_informed,llama-3.3-70b,clarity,90,True,,598,94
d02f0c3591344ac1,lit_informed,llama-3.3-70b,informativeness,41,True,,637,100
d02f0c3591344ac1,lit_informed,gemini-2.0-flash,clarity,75,True,,593,53
d02f0c3591344ac1,lit_informed,gemini-2.0-flash,informativeness,55,True,,629,74
6733d4d6ca76c4b4,naive,llama-3.3-70b,clarity,90,True,,642,88
6733d4d6ca76c4b4,naive,llama-3.3-70b,informativeness,61,True,,681,99
6733d4d6ca76c4b4,naive,gemini-2.0-flash,clarity,85,True,,645,45
6733d4d6ca76c4b4,naive,gemini-2.0-flash,informativeness,55,True,,681,74
6733d4d6ca76c4b4,lit_informed,llama-3.3-70b,clarity,90,True,,609,81
6733d4d6ca76c4b4,lit_informed,llama-3.3-70b,informativeness,68,True,,648,112
6733d4d6ca76c4b4,lit_informed,gemini-2.0-flash,clarity,85,True,,610,45
6733d4d6ca76c4b4,lit_informed,gemini-2.0-flash,informativeness,70,True,,646,64
6ae4a216764c6520,naive,llama-3.3-70b,clarity,90,True,,600,85
6ae4a216764c6520,naive,llama-3.3-70b,informativeness,65,True,,639,92
6ae4a216764c6520,naive,gemini-2.0-flash,clarity,85,True,,591,53
6ae4a216764c6520,naive,gemini-2.0-flash,informativeness,65,True,,627,57
6ae4a216764c6520,lit_informed,llama-3.3-70b,clarity,90,True,,573,81
6ae4a216764c6520,lit_informed,llama-3.3-70b,informativeness,73,True,,612,103
6ae4a216764c6520,lit_informed,gemini-2.0-flash,clarity,85,True,,567,46
6ae4a216764c6520,lit_informed,gemini-2.0-flash,informativeness,55,True,,603,64
83feae4bde90086b,naive,llama-3.3-70b,clarity,95,True,,645,74
83feae4bde90086b,naive,llama-3.3-70b,informativeness,78,True,,684,95
83feae4bde90086b,naive,gemini-2.0-flash,clarity,85,True,,635,49
83feae4bde90086b,naive,gemini-2.0-flash,informativeness,75,True,,671,71
83feae4bde90086b,lit_informed,llama-3.3-70b,clarity,95,True,,630,74
83feae4bde90086b,lit_informed,llama-3.3-70b,informativeness,81,True,,669,100
83feae4bde90086b,lit_informed,gemini-2.0-flash,clarity,85,True,,620,54
83feae4bde90086b,lit_informed,gemini-2.0-flash,informativeness,75,True,,656,70
a74f03dcc3218817,naive,llama-3.3-70b,clarity,95,True,,635,85
a74f03dcc3218817,naive,llama-3.3-70b,informativeness,65,True,,674,81
a74f03dcc3218817,naive,gemini-2.0-flash,clarity,85,True,,620,41
a74f03dcc3218817,naive,gemini-2.0-flash,informativeness,55,True,,656,58
a74f03dcc3218817,lit_informed,llama-3.3-70b,clarity,90,True,,612,72
a74f03dcc3218817,lit_informed,llama-3.3-70b,informativeness,60,True,,651,91
a74f03dcc3218817,lit_informed,gemini-2.0-flash,clarity,85,True,,599,51
a74f03dcc3218817,lit_informed,gemini-2.0-flash,informativeness,55,True,,635,65
8b7bfa403878417d,naive,llama-3.3-70b,clarity,95,True,,612,76
8b7bfa403878417d,naive,llama-3.3-70b,informativeness,41,True,,651,90
8b7bfa403878417d,naive,gemini-2.0-flash,clarity,90,True,,606,58
8b7bfa403878417d,naive,gemini-2.0-flash,informativeness,45,True,,642,63
8b7bfa403878417d,lit_informed,llama-3.3-70b,clarity,95,True,,609,80
8b7bfa403878417d,lit_informed,llama-3.3-70b,informativeness,40,True,,648,90
8b7bfa403878417d,lit_informed,gemini-2.0-flash,clarity,90,True,,602,50
8b7bfa403878417d,lit_informed,gemini-2.0-flash,informativeness,45,True,,638,70
0af4104b11b4049c,naive,llama-3.3-70b,clarity,95,True,,628,97
0af4104b11b4049c,naive,llama-3.3-70b,informativeness,80,True,,667,83
0af4104b11b4049c,naive,gemini-2.0-flash,clarity,85,True,,620,45
0af4104b11b4049c,naive,gemini-2.0-flash,informativeness,70,True,,656,87
0af4104b11b4049c,lit_informed,llama-3.3-70b,clarity,90,True,,627,70
0af4104b11b4049c,lit_informed,llama-3.3-70b,informativeness,80,True,,666,106
0af4104b11b4049c,lit_informed,gemini-2.0-flash,clarity,85,True,,618,52
0af4104b11b4049c,lit_informed,gemini-2.0-flash,informativeness,65,True,,654,82
2264ff11742e116d,naive,llama-3.3-70b,clarity,90,True,,602,76
2264ff11742e116d,naive,llama-3.3-70b,informativeness,75,True,,641,90
2264ff11742e116d,naive,gemini-2.0-flash,clarity,85,True,,600,41
2264ff11742e116d,naive,gemini-2.0-flash,informativeness,55,True,,636,69
2264ff11742e116d,lit_informed,llama-3.3-70b,clarity,90,True,,600,59
2264ff11742e116d,lit_informed,llama-3.3-70b,informativeness,73,True,,639,98
2264ff11742e116d,lit_informed,gemini-2.0-flash,clarity,85,True,,599,51
2264ff11742e116d,lit_informed,gemini-2.0-flash,informativeness,55,True,,635,85
0df1701d0efb7215,naive,llama-3.3-70b,clarity,90,True,,606,83
0df1701d0efb7215,naive,llama-3.3-70b,informativeness,65,True,,645,106
0df1701d0efb7215,naive,gemini-2.0-flash,clarity,75,True,,602,57
0df1701d0efb7215,naive,gemini-2.0-flash,informativeness,65,True,,638,67
0df1701d0efb7215,lit_informed,llama-3.3-70b,clarity,90,True,,618,92
0df1701d0efb7215,lit_informed,llama-3.3-70b,informativeness,65,True,,657,94
0df1701d0efb7215,lit_informed,gemini-2.0-flash,clarity,85,True,,613,50
0df1701d0efb7215,lit_informed,gemini-2.0-flash,informativeness,55,True,,649,77
b72ca9812ae25b42,naive,llama-3.3-70b,clarity,95,True,,651,74
b72ca9812ae25b42,naive,llama-3.3-70b,informativeness,80,True,,690,89
b72ca9812ae25b42,naive,gemini-2.0-flash,clarity,85,True,,646,53
b72ca9812ae25b42,naive,gemini-2.0-flash,informativeness,70,True,,682,100
b72ca9812ae25b42,lit_informed,llama-3.3-70b,clarity,95,True,,606,75
b72ca9812ae25b42,lit_informed,llama-3.3-70b,informativeness,81,True,,645,108
b72ca9812ae25b42,lit_informed,gemini-2.0-flash,clarity,90,True,,602,54
b72ca9812ae25b42,lit_informed,gemini-2.0-flash,informativeness,75,True,,638,84
c3e22d0152080e15,naive,llama-3.3-70b,clarity,90,True,,636,74
c3e22d0152080e15,naive,llama-3.3-70b,informativeness,65,True,,675,110
c3e22d0152080e15,naive,gemini-2.0-flash,clarity,75,True,,628,62
c3e22d0152080e15,naive,gemini-2.0-flash,informativeness,55,True,,664,75
c3e22d0152080e15,lit_informed,llama-3.3-70b,clarity,90,True,,600,74
c3e22d0152080e15,lit_informed,llama-3.3-70b,informativeness,65,True,,639,96
c3e22d0152080e15,lit_informed,gemini-2.0-flash,clarity,85,True,,592,49
c3e22d0152080e15,lit_informed,gemini-2.0-flash,informativeness,55,True,,628,65
b93be662490b5075,naive,llama-3.3-70b,clarity,90,True,,582,93
b93be662490b5075,naive,llama-3.3-70b,informativeness,70,True,,621,97
b93be662490b5075,naive,gemini-2.0-flash,clarity,85,True,,574,50
b93be662490b5075,naive,gemini-2.0-flash,informativeness,70,True,,610,73
b93be662490b5075,lit_informed,llama-3.3-70b,clarity,90,True,,589,84
b93be662490b5075,lit_informed,llama-3.3-70b,informativeness,82,True,,628,89
b93be662490b5075,lit_informed,gemini-2.0-flash,clarity,85,True,,580,53
b93be662490b5075,lit_informed,gemini-2.0-flash,informativeness,75,True,,616,61
4be7e877ca9e3d47,naive,llama-3.3-70b,clarity,90,True,,619,88
4be7e877ca9e3d47,naive,llama-3.3-70b,informativeness,60,True,,658,119
4be7e877ca9e3d47,naive,gemini-2.0-flash,clarity,85,True,,609,53
4be7e877ca9e3d47,naive,gemini-2.0-flash,informativeness,55,True,,645,80
4be7e877ca9e3d47,lit_informed,llama-3.3-70b,clarity,90,True,,607,81
4be7e877ca9e3d47,lit_informed,llama-3.3-70b,informativeness,80,True,,646,113
4be7e877ca9e3d47,lit_informed,gemini-2.0-flash,clarity,85,True,,597,41
4be7e877ca9e3d47,lit_informed,gemini-2.0-flash,informativeness,75,True,,633,72
81b1a5180a515125,naive,llama-3.3-70b,clarity,85,True,,572,86
81b1a5180a515125,naive,llama-3.3-70b,informativeness,41,True,,611,85
81b1a5180a515125,naive,gemini-2.0-flash,clarity,75,True,,567,53
81b1a5180a515125,naive,gemini-2.0-flash,informativeness,55,True,,603,66
81b1a5180a515125,lit_informed,llama-3.3-70b,clarity,90,True,,585,83
81b1a5180a515125,lit_informed,llama-3.3-70b,informativeness,80,True,,624,94
81b1a5180a515125,lit_informed,gemini-2.0-flash,clarity,85,True,,582,45
81b1a5180a515125,lit_informed,gemini-2.0-flash,informativeness,65,True,,618,73
86bf9e5a6cd627a6,naive,llama-3.3-70b,clarity,90,True,,608,86
86bf9e5a6cd627a6,naive,llama-3.3-70b,informativeness,77,True,,647,110
86bf9e5a6cd627a6,naive,gemini-2.0-flash,clarity,85,True,,603,50
86bf9e5a6cd627a6,naive,gemini-2.0-flash,informativeness,65,True,,639,69
86bf9e5a6cd627a6,lit_informed,llama-3.3-70b,clarity,90,True,,606,91
86bf9e5a6cd627a6,lit_informed,llama-3.3-70b,informativeness,78,True,,645,95
86bf9e5a6cd627a6,lit_informed,gemini-2.0-flash,clarity,85,True,,599,45
86bf9e5a6cd627a6,lit_informed,gemini-2.0-flash,informativeness,65,True,,635,53
929a516ce2503291,naive,llama-3.3-70b,clarity,95,True,,601,75
929a516ce2503291,naive,llama-3.3-70b,informativeness,41,True,,640,111
929a516ce2503291,naive,gemini-2.0-flash,clarity,85,True,,595,52
929a516ce2503291,naive,gemini-2.0-flash,informativeness,55,True,,631,68
929a516ce2503291,lit_informed,llama-3.3-70b,clarity,95,True,,607,88
929a516ce2503291,lit_informed,llama-3.3-70b,informativeness,40,True,,646,108
929a516ce2503291,lit_informed,gemini-2.0-flash,clarity,85,True,,602,45
929a516ce2503291,lit_informed,gemini-2.0-flash,informativeness,55,True,,638,71
42e41f7467e16003,naive,llama-3.3-70b,clarity,90,True,,606,79
42e41f7467e16003,naive,llama-3.3-70b,informativeness,65,True,,645,98
42e41f7467e16003,naive,gemini-2.0-flash,clarity,75,True,,600,64
42e41f7467e16003,naive,gemini-2.0-flash,informativeness,65,True,,636,78
42e41f7467e16003,lit_informed,llama-3.3-70b,clarity,90,True,,583,69
42e41f7467e16003,lit_informed,llama-3.3-70b,informativeness,73,True,,622,78
42e41f7467e16003,lit_informed,gemini-2.0-flash,clarity,85,True,,579,52
42e41f7467e16003,lit_informed,gemini-2.0-flash,informativeness,70,True,,615,67
4bca86b14c741ade,naive,llama-3.3-70b,clarity,90,True,,569,72
4bca86b14c741ade,naive,llama-3.3-70b,informativeness,40,True,,608,110
4bca86b14c741ade,naive,gemini-2.0-flash,clarity,85,True,,564,54
4bca86b14c741ade,naive,gemini-2.0-flash,informativeness,65,True,,600,71
4bca86b14c741ade,lit_informed,llama-3.3-70b,clarity,90,True,,560,68
4bca86b14c741ade,lit_informed,llama-3.3-70b,informativeness,60,True,,599,91
4bca86b14c741ade,lit_informed,gemini-2.0-flash,clarity,90,True,,555,54
4bca86b14c741ade,lit_informed,gemini-2.0-flash,informativeness,65,True,,591,55
73b7fb30a6f7422b,naive,llama-3.3-70b,clarity,90,True,,620,87
73b7fb30a6f7422b,naive,llama-3.3-70b,informativeness,80,True,,659,90
73b7fb30a6f7422b,naive,gemini-2.0-flash,clarity,85,True,,615,45
73b7fb30a6f7422b,naive,gemini-2.0-flash,informativeness,55,True,,651,56
73b7fb30a6f7422b,lit_informed,llama-3.3-70b,clarity,90,True,,612,97
73b7fb30a6f7422b,lit_informed,llama-3.3-70b,informativeness,80,True,,651,93
73b7fb30a6f7422b,lit_informed,gemini-2.0-flash,clarity,85,True,,606,53
73b7fb30a6f7422b,lit_informed,gemini-2.0-flash,informativeness,65,True,,642,57
1919e8193980ed65,naive,llama-3.3-70b,clarity,95,True,,591,79
1919e8193980ed65,naive,llama-3.3-70b,informativeness,73,True,,630,94
1919e8193980ed65,naive,gemini-2.0-flash,clarity,85,True,,587,45
1919e8193980ed65,naive,gemini-2.0-flash,informativeness,65,True,,623,57
1919e8193980ed65,lit_informed,llama-3.3-70b,clarity,90,True,,579,79
1919e8193980ed65,lit_informed,llama-3.3-70b,informativeness,78,True,,618,91
1919e8193980ed65,lit_informed,gemini-2.0-flash,clarity,85,True,,575,53
1919e8193980ed65,lit_informed,gemini-2.0-flash,informativeness,75,True,,611,63
38a2a1578b783202,naive,llama-3.3-70b,clarity,90,True,,581,88
38a2a1578b783202,naive,llama-3.3-70b,informativeness,60,True,,620,92
38a2a1578b783202,naive,gemini-2.0-flash,clarity,75,True,,577,58
38a2a1578b783202,naive,gemini-2.0-flash,informativeness,65,True,,613,70
38a2a1578b783202,lit_informed,llama-3.3-70b,clarity,90,True,,595,81
38a2a1578b783202,lit_informed,llama-3.3-70b,informativeness,78,True,,634,118
38a2a1578b783202,lit_informed,gemini-2.0-flash,clarity,85,True,,588,54
38a2a1578b783202,lit_informed,gemini-2.0-flash,informativeness,65,True,,624,64
8db1935f44e66178,naive,llama-3.3-70b,clarity,90,True,,568,76
8db1935f44e66178,naive,llama-3.3-70b,informativeness,60,True,,607,82
8db1935f44e66178,naive,gemini-2.0-flash,clarity,65,True,,560,63
8db1935f44e66178,naive,gemini-2.0-flash,informativeness,45,True,,596,62
8db1935f44e66178,lit_informed,llama-3.3-70b,clarity,90,True,,566,69
8db1935f44e66178,lit_informed,llama-3.3-70b,informativeness,80,True,,605,104
8db1935f44e66178,lit_informed,gemini-2.0-flash,clarity,85,True,,558,48
8db1935f44e66178,lit_informed,gemini-2.0-flash,informativeness,65,True,,594,64
aa1fd2474aa46b33,naive,llama-3.3-70b,clarity,90,True,,618,80
aa1fd2474aa46b33,naive,llama-3.3-70b,informativeness,78,True,,657,107
aa1fd2474aa46b33,naive,gemini-2.0-flash,clarity,85,True,,613,48
aa1fd2474aa46b33,naive,gemini-2.0-flash,informativeness,70,True,,649,59
aa1fd2474aa46b33,lit_informed,llama-3.3-70b,clarity,90,True,,627,62
aa1fd2474aa46b33,lit_informed,llama-3.3-70b,informativeness,85,True,,666,101
aa1fd2474aa46b33,lit_informed,gemini-2.0-flash,clarity,85,True,,624,48
aa1fd2474aa46b33,lit_informed,gemini-2.0-flash,informativeness,65,True,,660,56
d27dbad85632ded1,naive,llama-3.3-70b,clarity,95,True,,644,93
d27dbad85632ded1,naive,llama-3.3-70b,informativeness,60,True,,683,99
d27dbad85632ded1,naive,gemini-2.0-flash,clarity,85,True,,639,52
d27dbad85632ded1,naive,gemini-2.0-flash,informativeness,45,True,,675,64
d27dbad85632ded1,lit_informed,llama-3.3-70b,clarity,95,True,,625,88
d27dbad85632ded1,lit_informed,llama-3.3-70b,informativeness,60,True,,664,100
d27dbad85632ded1,lit_informed,gemini-2.0-flash,clarity,85,True,,617,49
d27dbad85632ded1,lit_informed,gemini-2.0-flash,informativeness,45,True,,653,60
dd7f2e11f4fd70aa,naive,llama-3.3-70b,clarity,95,True,,635,97
dd7f2e11f4fd70aa,naive,llama-3.3-70b,informativeness,55,True,,674,109
dd7f2e11f4fd70aa,naive,gemini-2.0-flash,clarity,85,True,,626,48
dd7f2e11f4fd70aa,naive,gemini-2.0-flash,informativeness,55,True,,662,66
dd7f2e11f4fd70aa,lit_informed,llama-3.3-70b,clarity,95,True,,616,74
dd7f2e11f4fd70aa,lit_informed,llama-3.3-70b,informativeness,81,True,,655,103
dd7f2e11f4fd70aa,lit_informed,gemini-2.0-flash,clarity,85,True,,606,47
dd7f2e11f4fd70aa,lit_informed,gemini-2.0-flash,informativeness,75,True,,642,79
6bb3c2abdc1ee9d1,naive,llama-3.3-70b,clarity,90,True,,584,86
6bb3c2abdc1ee9d1,naive,llama-3.3-70b,informativeness,70,True,,623,100
6bb3c2abdc1ee9d1,naive,gemini-2.0-flash,clarity,75,True,,579,46
6bb3c2abdc1ee9d1,naive,gemini-2.0-flash,informativeness,55,True,,615,66
6bb3c2abdc1ee9d1,lit_informed,llama-3.3-70b,clarity,90,True,,576,72
6bb3c2abdc1ee9d1,lit_informed,llama-3.3-70b,informativeness,55,True,,615,101
6bb3c2abdc1ee9d1,lit_informed,gemini-2.0-flash,clarity,75,True,,568,47
6bb3c2abdc1ee9d1,lit_informed,gemini-2.0-flash,informativeness,55,True,,604,68
48131b5315dfb00e,naive,llama-3.3-70b,clarity,95,True,,592,75
48131b5315dfb00e,naive,llama-3.3-70b,informativeness,55,True,,631,105
48131b5315dfb00e,naive,gemini-2.0-flash,clarity,85,True,,582,45
48131b5315dfb00e,naive,gemini-2.0-flash,informativeness,55,True,,618,60
48131b5315dfb00e,lit_informed,llama-3.3-70b,clarity,95,True,,594,69
48131b5315dfb00e,lit_informed,llama-3.3-70b,informativeness,65,True,,633,105
48131b5315dfb00e,lit_informed,gemini-2.0-flash,clarity,90,True,,588,45
48131b5315dfb00e,lit_informed,gemini-2.0-flash,informativeness,65,True,,624,66
1bf8293f45c2b085,naive,llama-3.3-70b,clarity,90,True,,648,83
1bf8293f45c2b085,naive,llama-3.3-70b,informativeness,82,True,,687,114
1bf8293f45c2b085,naive,gemini-2.0-flash,clarity,85,True,,643,41
1bf8293f45c2b085,naive,gemini-2.0-flash,informativeness,55,True,,679,77
1bf8293f45c2b085,lit_informed,llama-3.3-70b,clarity,95,True,,648,78
1bf8293f45c2b085,lit_informed,llama-3.3-70b,informativeness,85,True,,687,113
1bf8293f45c2b085,lit_informed,gemini-2.0-flash,clarity,85,True,,643,48
1bf8293f45c2b085,lit_informed,gemini-2.0-flash,informativeness,75,True,,679,79
0c326c91d31f64c0,naive,llama-3.3-70b,clarity,95,True,,633,74
0c326c91d31f64c0,naive,llama-3.3-70b,informativeness,73,True,,672,108
0c326c91d31f64c0,naive,gemini-2.0-flash,clarity,85,True,,627,48
0c326c91d31f64c0,naive,gemini-2.0-flash,informativeness,55,True,,663,71
0c326c91d31f64c0,lit_informed,llama-3.3-70b,clarity,90,True,,619,100
0c326c91d31f64c0,lit_informed,llama-3.3-70b,informativeness,65,True,,658,103
0c326c91d31f64c0,lit_informed,gemini-2.0-flash,clarity,85,True,,612,48
0c326c91d31f64c0,lit_informed,gemini-2.0-flash,informativeness,55,True,,648,64
36c93c29270ab3f3,naive,llama-3.3-70b,clarity,90,True,,626,75
36c93c29270ab3f3,naive,llama-3.3-70b,informativeness,68,True,,665,85
36c93c29270ab3f3,naive,gemini-2.0-flash,clarity,85,True,,620,46
36c93c29270ab3f3,naive,gemini-2.0-flash,informativeness,75,True,,656,72
36c93c29270ab3f3,lit_informed,llama-3.3-70b,clarity,95,True,,643,77
36c93c29270ab3f3,lit_informed,llama-3.3-70b,informativeness,82,True,,682,105
36c93c29270ab3f3,lit_informed,gemini-2.0-flash,clarity,85,True,,638,52
36c93c29270ab3f3,lit_informed,gemini-2.0-flash,informativeness,75,True,,674,73
34c870742f78a73d,naive,llama-3.3-70b,clarity,95,True,,619,90
34c870742f78a73d,naive,llama-3.3-70b,informativeness,60,True,,658,86
34c870742f78a73d,naive,gemini-2.0-flash,clarity,85,True,,614,51
34c870742f78a73d,naive,gemini-2.0-flash,informativeness,55,True,,650,66
34c870742f78a73d,lit_informed,llama-3.3-70b,clarity,90,True,,606,72
34c870742f78a73d,lit_informed,llama-3.3-70b,informativeness,60,True,,645,93
34c870742f78a73d,lit_informed,gemini-2.0-flash,clarity,85,True,,599,51
34c870742f78a73d,lit_informed,gemini-2.0-flash,informativeness,55,True,,635,65
18885f756f75d889,naive,llama-3.3-70b,clarity,95,True,,650,74
18885f756f75d889,naive,llama-3.3-70b,informativeness,68,True,,689,91
18885f756f75d889,naive,gemini-2.0-flash,clarity,85,True,,644,50
18885f756f75d889,naive,gemini-2.0-flash,informativeness,55,True,,680,68
18885f756f75d889,lit_informed,llama-3.3-70b,clarity,95,True,,633,74
18885f756f75d889,lit_informed,llama-3.3-70b,informativeness,80,True,,672,83
18885f756f75d889,lit_informed,gemini-2.0-flash,clarity,85,True,,630,41
18885f756f75d889,lit_informed,gemini-2.0-flash,informativeness,55,True,,666,73
b687d06d668159ba,naive,llama-3.3-70b,clarity,95,True,,584,76
b687d06d668159ba,naive,llama-3.3-70b,informativeness,40,True,,623,105
b687d06d668159ba,naive,gemini-2.0-flash,clarity,90,True,,579,43
b687d06d668159ba,naive,gemini-2.0-flash,informativeness,30,True,,615,66
b687d06d668159ba,lit_informed,llama-3.3-70b,clarity,90,True,,560,90
b687d06d668159ba,lit_informed,llama-3.3-70b,informativeness,40,True,,599,103
b687d06d668159ba,lit_informed,gemini-2.0-flash,clarity,85,True,,555,51
b687d06d668159ba,lit_informed,gemini-2.0-flash,informativeness,35,True,,591,63
7db325703f7f50c5,naive,llama-3.3-70b,clarity,95,True,,593,94
7db325703f7f50c5,naive,llama-3.3-70b,informativeness,30,True,,632,98
7db325703f7f50c5,naive,gemini-2.0-flash,clarity,90,True,,586,45
7db325703f7f50c5,naive,gemini-2.0-flash,informativeness,45,True,,622,68
7db325703f7f50c5,lit_informed,llama-3.3-70b,clarity,95,True,,583,82
7db325703f7f50c5,lit_informed,llama-3.3-70b,informativeness,30,True,,622,95
7db325703f7f50c5,lit_informed,gemini-2.0-flash,clarity,90,True,,574,52
7db325703f7f50c5,lit_informed,gemini-2.0-flash,informativeness,45,True,,610,60
89e36af735144e23,naive,llama-3.3-70b,clarity,95,True,,635,74
89e36af735144e23,naive,llama-3.3-70b,informativeness,80,True,,674,107
89e36af735144e23,naive,gemini-2.0-flash,clarity,85,True,,631,45
89e36af735144e23,naive,gemini-2.0-flash,informativeness,70,True,,667,79
89e36af735144e23,lit_informed,llama-3.3-70b,clarity,95,True,,618,74
89e36af735144e23,lit_informed,llama-3.3-70b,informativeness,70,True,,657,107
89e36af735144e23,lit_informed,gemini-2.0-flash,clarity,85,True,,617,47
89e36af735144e23,lit_informed,gemini-2.0-flash,informativeness,75,True,,653,82
0e3086495099ef4a,naive,llama-3.3-70b,clarity,90,True,,622,77
0e3086495099ef4a,naive,llama-3.3-70b,informativeness,73,True,,661,88
0e3086495099ef4a,naive,gemini-2.0-flash,clarity,85,True,,617,47
0e3086495099ef4a,naive,gemini-2.0-flash,informativeness,55,True,,653,74
0e3086495099ef4a,lit_informed,llama-3.3-70b,clarity,90,True,,624,90
0e3086495099ef4a,lit_informed,llama-3.3-70b,informativeness,73,True,,663,90
0e3086495099ef4a,lit_informed,gemini-2.0-flash,clarity,85,True,,619,53
0e3086495099ef4a,lit_informed,gemini-2.0-flash,informativeness,65,True,,655,65
7cdc5073abd8853d,naive,llama-3.3-70b,clarity,80,True,,582,77
7cdc5073abd8853d,naive,llama-3.3-70b,informativeness,40,True,,621,96
7cdc5073abd8853d,naive,gemini-2.0-flash,clarity,85,True,,576,46
7cdc5073abd8853d,naive,gemini-2.0-flash,informativeness,55,True,,612,64
7cdc5073abd8853d,lit_informed,llama-3.3-70b,clarity,90,True,,571,74
7cdc5073abd8853d,lit_informed,llama-3.3-70b,informativeness,65,True,,610,109
7cdc5073abd8853d,lit_informed,gemini-2.0-flash,clarity,90,True,,565,43
7cdc5073abd8853d,lit_informed,gemini-2.0-flash,informativeness,55,True,,601,80
38553541f9faeb0d,naive,llama-3.3-70b,clarity,90,True,,599,84
38553541f9faeb0d,naive,llama-3.3-70b,informativeness,60,True,,638,100
38553541f9faeb0d,naive,gemini-2.0-flash,clarity,85,True,,591,50
38553541f9faeb0d,naive,gemini-2.0-flash,informativeness,55,True,,627,71
38553541f9faeb0d,lit_informed,llama-3.3-70b,clarity,90,True,,608,99
38553541f9faeb0d,lit_informed,llama-3.3-70b,informativeness,65,True,,647,93
38553541f9faeb0d,lit_informed,gemini-2.0-flash,clarity,85,True,,600,48
38553541f9faeb0d,lit_informed,gemini-2.0-flash,informativeness,55,True,,636,76
2e47af097c0e6847,naive,llama-3.3-70b,clarity,95,True,,592,75
2e47af097c0e6847,naive,llama-3.3-70b,informativeness,50,True,,631,92
2e47af097c0e6847,naive,gemini-2.0-flash,clarity,85,True,,587,46
2e47af097c0e6847,naive,gemini-2.0-flash,informativeness,55,True,,623,65
2e47af097c0e6847,lit_informed,llama-3.3-70b,clarity,90,True,,597,83
2e47af097c0e6847,lit_informed,llama-3.3-70b,informativeness,55,True,,636,110
2e47af097c0e6847,lit_informed,gemini-2.0-flash,clarity,75,True,,593,57
2e47af097c0e6847,lit_informed,gemini-2.0-flash,informativeness,55,True,,629,68
2cf6b47d1c0e2d21,naive,llama-3.3-70b,clarity,70,True,,503,67
2cf6b47d1c0e2d21,naive,llama-3.3-70b,informativeness,0,True,,542,88
2cf6b47d1c0e2d21,naive,gemini-2.0-flash,clarity,85,True,,498,37
2cf6b47d1c0e2d21,naive,gemini-2.0-flash,informativeness,10,True,,534,50
2cf6b47d1c0e2d21,lit_informed,llama-3.3-70b,clarity,90,True,,533,90
2cf6b47d1c0e2d21,lit_informed,llama-3.3-70b,informativeness,30,True,,572,82
2cf6b47d1c0e2d21,lit_informed,gemini-2.0-flash,clarity,85,True,,528,42
2cf6b47d1c0e2d21,lit_informed,gemini-2.0-flash,informativeness,30,True,,564,71
b3d2a4f68d35a2d9,naive,llama-3.3-70b,clarity,95,True,,640,88
b3d2a4f68d35a2d9,naive,llama-3.3-70b,informativeness,82,True,,679,88
b3d2a4f68d35a2d9,naive,gemini-2.0-flash,clarity,85,True,,634,45
b3d2a4f68d35a2d9,naive,gemini-2.0-flash,informativeness,75,True,,670,68
b3d2a4f68d35a2d9,lit_informed,llama-3.3-70b,clarity,95,True,,620,82
b3d2a4f68d35a2d9,lit_informed,llama-3.3-70b,informativeness,82,True,,659,80
b3d2a4f68d35a2d9,lit_informed,gemini-2.0-flash,clarity,85,True,,616,52
b3d2a4f68d35a2d9,lit_informed,gemini-2.0-flash,informativeness,75,True,,652,68
6cc42c2f02edbd00,naive,llama-3.3-70b,clarity,90,True,,585,87
6cc42c2f02edbd00,naive,llama-3.3-70b,informativeness,70,True,,624,103
6cc42c2f02edbd00,naive,gemini-2.0-flash,clarity,75,True,,574,53
6cc42c2f02edbd00,naive,gemini-2.0-flash,informativeness,65,True,,610,61
6cc42c2f02edbd00,lit_informed,llama-3.3-70b,clarity,90,True,,573,73
6cc42c2f02edbd00,lit_informed,llama-3.3-70b,informativeness,73,True,,612,84
6cc42c2f02edbd00,lit_informed,gemini-2.0-flash,clarity,85,True,,567,53
6cc42c2f02edbd00,lit_informed,gemini-2.0-flash,informativeness,65,True,,603,63
69717cebd3d64b00,naive,llama-3.3-70b,clarity,95,True,,636,79
69717cebd3d64b00,naive,llama-3.3-70b,informativeness,70,True,,675,92
69717cebd3d64b00,naive,gemini-2.0-flash,clarity,90,True,,627,50
69717cebd3d64b00,naive,gemini-2.0-flash,informativeness,65,True,,663,74
69717cebd3d64b00,lit_informed,llama-3.3-70b,clarity,95,True,,621,72
69717cebd3d64b00,lit_informed,llama-3.3-70b,informativeness,65,True,,660,96
69717cebd3d64b00,lit_informed,gemini-2.0-flash,clarity,90,True,,611,58
69717cebd3d64b00,lit_informed,gemini-2.0-flash,informativeness,55,True,,647,63
dd3a9721cf7a32a9,naive,llama-3.3-70b,clarity,95,True,,614,75
dd3a9721cf7a32a9,naive,llama-3.3-70b,informativeness,81,True,,653,93
dd3a9721cf7a32a9,naive,gemini-2.0-flash,clarity,85,True,,608,45
dd3a9721cf7a32a9,naive,gemini-2.0-flash,informativeness,75,True,,644,57
dd3a9721cf7a32a9,lit_informed,llama-3.3-70b,clarity,95,True,,621,93
dd3a9721cf7a32a9,lit_informed,llama-3.3-70b,informativeness,90,True,,660,84
dd3a9721cf7a32a9,lit_informed,gemini-2.0-flash,clarity,85,True,,617,49
dd3a9721cf7a32a9,lit_informed,gemini-2.0-flash,informativeness,70,True,,653,76
a3e97d0096137326,naive,llama-3.3-70b,clarity,90,True,,614,111
a3e97d0096137326,naive,llama-3.3-70b,informativeness,70,True,,653,91
a3e97d0096137326,naive,gemini-2.0-flash,clarity,85,True,,612,48
a3e97d0096137326,naive,gemini-2.0-flash,informativeness,55,True,,648,74
a3e97d0096137326,lit_informed,llama-3.3-70b,clarity,95,True,,610,88
a3e97d0096137326,lit_informed,llama-3.3-70b,informativeness,75,True,,649,91
a3e97d0096137326,lit_informed,gemini-2.0-flash,clarity,90,True,,604,53
a3e97d0096137326,lit_informed,gemini-2.0-flash,informativeness,65,True,,640,71
c3aa79ebde0510f0,naive,llama-3.3-70b,clarity,95,True,,633,80
c3aa79ebde0510f0,naive,llama-3.3-70b,informativeness,40,True,,672,112
c3aa79ebde0510f0,naive,gemini-2.0-flash,clarity,90,True,,627,45
c3aa79ebde0510f0,naive,gemini-2.0-flash,informativeness,55,True,,663,67
c3aa79ebde0510f0,lit_informed,llama-3.3-70b,clarity,95,True,,613,71
c3aa79ebde0510f0,lit_informed,llama-3.3-70b,informativeness,55,True,,652,93
c3aa79ebde0510f0,lit_informed,gemini-2.0-flash,clarity,90,True,,607,45
c3aa79ebde0510f0,lit_informed,gemini-2.0-flash,informativeness,55,True,,643,64
dd094a7ddddbed75,naive,llama-3.3-70b,clarity,90,True,,596,75
dd094a7ddddbed75,naive,llama-3.3-70b,informativeness,68,True,,635,93
dd094a7ddddbed75,naive,gemini-2.0-flash,clarity,85,True,,589,45
dd094a7ddddbed75,naive,gemini-2.0-flash,informativeness,65,True,,625,71
dd094a7ddddbed75,lit_informed,llama-3.3-70b,clarity,90,True,,603,78
dd094a7ddddbed75,lit_informed,llama-3.3-70b,informativeness,61,True,,642,102
dd094a7ddddbed75,lit_informed,gemini-2.0-flash,clarity,90,True,,596,49
dd094a7ddddbed75,lit_informed,gemini-2.0-flash,informativeness,55,True,,632,78
